WmoStationNumber,StationNameThai,StationNameEnglish,Province,Latitude,Longitude,Observation
48300,แม่ฮ่องสอน,MAE HONG SON,แม่ฮ่องสอน,"{'@Unit': 'decimal degree', '#text': '19.29897'}","{'@Unit': 'decimal degree', '#text': '97.97578'}","{'@type': 'ObservationToday', 'DateTime': '2025-06-11 07:00', 'MeanSeaLevelPressure': {'@unit': 'mb', '#text': '1005.39'}, 'Temperature': {'@Unit': 'celcius', '#text': '26.2'}, 'MaxTemperature': {'@Unit': 'celcius', '#text': '36.3'}, 'DifferentFromMaxTemperature': {'@Unit': 'celcius', '#text': '-0.4'}, 'MinTemperature': {'@Unit': 'celcius', '#text': '24.5'}, 'DifferentFromMinTemperature': {'@Unit': 'celcius', '#text': '-1.0'}, 'RelativeHumidity': {'@Unit': '%', '#text': '92'}, 'WindDirection': {'@Unit': 'degree', '#text': '000'}, 'WindSpeed': {'@Unit': 'km/h', '#text': '0'}, 'Rainfall': {'@Unit': 'mm', '#text': '8.70'}}"
48325,แม่สะเรียง,MAE SARIANG,แม่ฮ่องสอน,"{'@Unit': 'decimal degree', '#text': '18.16667'}","{'@Unit': 'decimal degree', '#text': '97.93333'}","{'@type': 'ObservationToday', 'DateTime': '2025-06-11 07:00', 'MeanSeaLevelPressure': {'@unit': 'mb', '#text': '1005.77'}, 'Temperature': {'@Unit': 'celcius', '#text': '26.0'}, 'MaxTemperature': {'@Unit': 'celcius', '#text': '33.5'}, 'DifferentFromMaxTemperature': {'@Unit': 'celcius', '#text': '0.5'}, 'MinTemperature': {'@Unit': 'celcius', '#text': '25.5'}, 'DifferentFromMinTemperature': {'@Unit': 'celcius', '#text': '1.0'}, 'RelativeHumidity': {'@Unit': '%', '#text': '92'}, 'WindDirection': {'@Unit': 'degree', '#text': '000'}, 'WindSpeed': {'@Unit': 'km/h', '#text': '0'}, 'Rainfall': {'@Unit': 'mm', '#text': '2.10'}}"
48303,เชียงราย,CHIANG RAI,เชียงราย,"{'@Unit': 'decimal degree', '#text': '19.96139'}","{'@Unit': 'decimal degree', '#text': '99.88139'}","{'@type': 'ObservationToday', 'DateTime': '2025-06-11 07:00', 'MeanSeaLevelPressure': {'@unit': 'mb', '#text': '1005.91'}, 'Temperature': {'@Unit': 'celcius', '#text': '24.0'}, 'MaxTemperature': {'@Unit': 'celcius', '#text': '31.0'}, 'DifferentFromMaxTemperature': {'@Unit': 'celcius', '#text': '-4.7'}, 'MinTemperature': {'@Unit': 'celcius', '#text': '23.2'}, 'DifferentFromMinTemperature': {'@Unit': 'celcius', '#text': '-0.6'}, 'RelativeHumidity': {'@Unit': '%', '#text': '96'}, 'WindDirection': {'@Unit': 'degree', '#text': '040'}, 'WindSpeed': {'@Unit': 'km/h', '#text': '4'}, 'Rainfall': {'@Unit': 'mm', '#text': '60.90'}}"
48304,เชียงราย สกษ.,CHAING RAI AGROMET.,เชียงราย,"{'@Unit': 'decimal degree', '#text': '19.87083'}","{'@Unit': 'decimal degree', '#text': '99.78278'}","{'@type': 'ObservationToday', 'DateTime': '2025-06-11 07:00', 'MeanSeaLevelPressure': {'@unit': 'mb', '#text': '1005.69'}, 'Temperature': {'@Unit': 'celcius', '#text': '24.0'}, 'MaxTemperature': {'@Unit': 'celcius', '#text': '30.8'}, 'DifferentFromMaxTemperature': {'@Unit': 'celcius', '#text': '-3.4'}, 'MinTemperature': {'@Unit': 'celcius', '#text': '22.9'}, 'DifferentFromMinTemperature': {'@Unit': 'celcius', '#text': '-0.2'}, 'RelativeHumidity': {'@Unit': '%', '#text': '96'}, 'WindDirection': {'@Unit': 'degree', '#text': '110'}, 'WindSpeed': {'@Unit': 'km/h', '#text': '3'}, 'Rainfall': {'@Unit': 'mm', '#text': '5.20'}}"
48310,พะเยา,PHAYAO,พะเยา,"{'@Unit': 'decimal degree', '#text': '19.13333'}","{'@Unit': 'decimal degree', '#text': '99.90000'}","{'@type': 'ObservationToday', 'DateTime': '2025-06-11 07:00', 'MeanSeaLevelPressure': {'@unit': 'mb', '#text': '1006.41'}, 'Temperature': {'@Unit': 'celcius', '#text': '24.7'}, 'MaxTemperature': {'@Unit': 'celcius', '#text': '31.8'}, 'DifferentFromMaxTemperature': {'@Unit': 'celcius', '#text': '-3.7'}, 'MinTemperature': {'@Unit': 'celcius', '#text': '23.4'}, 'DifferentFromMinTemperature': {'@Unit': 'celcius', '#text': '-0.1'}, 'RelativeHumidity': {'@Unit': '%', '#text': '94'}, 'WindDirection': {'@Unit': 'degree', '#text': '000'}, 'WindSpeed': {'@Unit': 'km/h', '#text': '0'}, 'Rainfall': {'@Unit': 'mm', '#text': '30.90'}}"
48302,ดอยอ่างขาง,DOI ANG KANG,เชียงใหม่,"{'@Unit': 'decimal degree', '#text': '19.93139'}","{'@Unit': 'decimal degree', '#text': '99.04833'}","{'@type': 'ObservationToday', 'DateTime': '2025-06-11 07:00', 'MeanSeaLevelPressure': {'@unit': 'mb', '#text': '1006.01'}, 'Temperature': {'@Unit': 'celcius', '#text': '18.0'}, 'MaxTemperature': {'@Unit': 'celcius', '#text': '20.4'}, 'DifferentFromMaxTemperature': {'@Unit': 'celcius', '#text': '-2.6'}, 'MinTemperature': {'@Unit': 'celcius', '#text': '17.5'}, 'DifferentFromMinTemperature': {'@Unit': 'celcius', '#text': '-0.1'}, 'RelativeHumidity': {'@Unit': '%', '#text': '100'}, 'WindDirection': {'@Unit': 'degree', '#text': '000'}, 'WindSpeed': {'@Unit': 'km/h', '#text': '0'}, 'Rainfall': {'@Unit': 'mm', '#text': '33.20'}}"
48327,เชียงใหม่,CHIANG MAI,เชียงใหม่,"{'@Unit': 'decimal degree', '#text': '18.79000'}","{'@Unit': 'decimal degree', '#text': '98.97694'}","{'@type': 'ObservationToday', 'DateTime': '2025-06-11 07:00', 'MeanSeaLevelPressure': {'@unit': 'mb', '#text': '1005.57'}, 'Temperature': {'@Unit': 'celcius', '#text': '25.1'}, 'MaxTemperature': {'@Unit': 'celcius', '#text': '35.2'}, 'DifferentFromMaxTemperature': {'@Unit': 'celcius', '#text': '-1.3'}, 'MinTemperature': {'@Unit': 'celcius', '#text': '24.3'}, 'DifferentFromMinTemperature': {'@Unit': 'celcius', '#text': '-0.9'}, 'RelativeHumidity': {'@Unit': '%', '#text': '94'}, 'WindDirection': {'@Unit': 'degree', '#text': '250'}, 'WindSpeed': {'@Unit': 'km/h', '#text': '1'}, 'Rainfall': {'@Unit': 'mm', '#text': '37.50'}}"
48328,ลำปาง,LAMPANG,ลำปาง,"{'@Unit': 'decimal degree', '#text': '18.28333'}","{'@Unit': 'decimal degree', '#text': '99.51667'}","{'@type': 'ObservationToday', 'DateTime': '2025-06-11 07:00', 'MeanSeaLevelPressure': {'@unit': 'mb', '#text': '1005.61'}, 'Temperature': {'@Unit': 'celcius', '#text': '24.8'}, 'MaxTemperature': {'@Unit': 'celcius', '#text': '33.6'}, 'DifferentFromMaxTemperature': {'@Unit': 'celcius', '#text': '-3.4'}, 'MinTemperature': {'@Unit': 'celcius', '#text': '24.5'}, 'DifferentFromMinTemperature': {'@Unit': 'celcius', '#text': '-1.6'}, 'RelativeHumidity': {'@Unit': '%', '#text': '97'}, 'WindDirection': {'@Unit': 'degree', '#text': '000'}, 'WindSpeed': {'@Unit': 'km/h', '#text': '0'}, 'Rainfall': {'@Unit': 'mm', '#text': '4.30'}}"
48324,เถิน,THOEN,ลำปาง,"{'@Unit': 'decimal degree', '#text': '17.63661'}","{'@Unit': 'decimal degree', '#text': '99.24475'}","{'@type': 'ObservationToday', 'DateTime': '2025-06-11 07:00', 'MeanSeaLevelPressure': {'@unit': 'mb', '#text': '1004.84'}, 'Temperature': {'@Unit': 'celcius', '#text': '25.5'}, 'MaxTemperature': {'@Unit': 'celcius', '#text': '34.8'}, 'DifferentFromMaxTemperature': {'@Unit': 'celcius', '#text': '-1.2'}, 'MinTemperature': {'@Unit': 'celcius', '#text': '25.0'}, 'DifferentFromMinTemperature': {'@Unit': 'celcius', '#text': '-0.5'}, 'RelativeHumidity': {'@Unit': '%', '#text': '97'}, 'WindDirection': {'@Unit': 'degree', '#text': '000'}, 'WindSpeed': {'@Unit': 'km/h', '#text': '0'}, 'Rainfall': {'@Unit': 'mm', '#text': '7.20'}}"
48334,ลำปาง สกษ.,LAMPANG AGROMET.,ลำปาง,"{'@Unit': 'decimal degree', '#text': '18.31667'}","{'@Unit': 'decimal degree', '#text': '99.28333'}","{'@type': 'ObservationToday', 'DateTime': '2025-06-11 07:00', 'MeanSeaLevelPressure': {'@unit': 'mb', '#text': '1005.38'}, 'Temperature': {'@Unit': 'celcius', '#text': '24.5'}, 'MaxTemperature': {'@Unit': 'celcius', '#text': '33.0'}, 'DifferentFromMaxTemperature': {'@Unit': 'celcius', '#text': '-2.0'}, 'MinTemperature': {'@Unit': 'celcius', '#text': '23.5'}, 'DifferentFromMinTemperature': {'@Unit': 'celcius', '#text': '-2.0'}, 'RelativeHumidity': {'@Unit': '%', '#text': '96'}, 'WindDirection': {'@Unit': 'degree', '#text': '000'}, 'WindSpeed': {'@Unit': 'km/h', '#text': '0'}, 'Rainfall': {'@Unit': 'mm', '#text': '51.20'}}"
48329,ลำพูน,LAMPHUN,ลำพูน,"{'@Unit': 'decimal degree', '#text': '18.56722'}","{'@Unit': 'decimal degree', '#text': '99.03389'}","{'@type': 'ObservationToday', 'DateTime': '2025-06-11 07:00', 'MeanSeaLevelPressure': {'@unit': 'mb', '#text': '1005.96'}, 'Temperature': {'@Unit': 'celcius', '#text': '25.4'}, 'MaxTemperature': {'@Unit': 'celcius', '#text': '34.8'}, 'DifferentFromMaxTemperature': {'@Unit': 'celcius', '#text': '-1.0'}, 'MinTemperature': {'@Unit': 'celcius', '#text': '24.7'}, 'DifferentFromMinTemperature': {'@Unit': 'celcius', '#text': '-0.4'}, 'RelativeHumidity': {'@Unit': '%', '#text': '96'}, 'WindDirection': {'@Unit': 'degree', '#text': '000'}, 'WindSpeed': {'@Unit': 'km/h', '#text': '0'}, 'Rainfall': {'@Unit': 'mm', '#text': '18.80'}}"
48330,แพร่,PHRAE,แพร่,"{'@Unit': 'decimal degree', '#text': '18.16667'}","{'@Unit': 'decimal degree', '#text': '100.16667'}","{'@type': 'ObservationToday', 'DateTime': '2025-06-11 07:00', 'MeanSeaLevelPressure': {'@unit': 'mb', '#text': '1005.04'}, 'Temperature': {'@Unit': 'celcius', '#text': '25.5'}, 'MaxTemperature': {'@Unit': 'celcius', '#text': '33.9'}, 'DifferentFromMaxTemperature': {'@Unit': 'celcius', '#text': '-0.9'}, 'MinTemperature': {'@Unit': 'celcius', '#text': '24.9'}, 'DifferentFromMinTemperature': {'@Unit': 'celcius', '#text': '-0.9'}, 'RelativeHumidity': {'@Unit': '%', '#text': '99'}, 'WindDirection': {'@Unit': 'degree', '#text': '000'}, 'WindSpeed': {'@Unit': 'km/h', '#text': '0'}, 'Rainfall': {'@Unit': 'mm', '#text': '4.30'}}"
48331,น่าน,NAN,น่าน,"{'@Unit': 'decimal degree', '#text': '18.77972'}","{'@Unit': 'decimal degree', '#text': '100.77778'}","{'@type': 'ObservationToday', 'DateTime': '2025-06-11 07:00', 'MeanSeaLevelPressure': {'@unit': 'mb', '#text': '1004.98'}, 'Temperature': {'@Unit': 'celcius', '#text': '26.6'}, 'MaxTemperature': {'@Unit': 'celcius', '#text': '35.5'}, 'DifferentFromMaxTemperature': {'@Unit': 'celcius', '#text': '-1.0'}, 'MinTemperature': {'@Unit': 'celcius', '#text': '25.9'}, 'DifferentFromMinTemperature': {'@Unit': 'celcius', '#text': '0.2'}, 'RelativeHumidity': {'@Unit': '%', '#text': '95'}, 'WindDirection': {'@Unit': 'degree', '#text': '000'}, 'WindSpeed': {'@Unit': 'km/h', '#text': '0'}, 'Rainfall': {'@Unit': 'mm', '#text': '0.00'}}"
48333,น่าน สกษ.,NAN AGROMET.,น่าน,"{'@Unit': 'decimal degree', '#text': '18.86667'}","{'@Unit': 'decimal degree', '#text': '100.75000'}","{'@type': 'ObservationToday', 'DateTime': '2025-06-11 07:00', 'MeanSeaLevelPressure': {'@unit': 'mb', '#text': '1004.98'}, 'Temperature': {'@Unit': 'celcius', '#text': '26.0'}, 'MaxTemperature': {'@Unit': 'celcius', '#text': '32.5'}, 'DifferentFromMaxTemperature': {'@Unit': 'celcius', '#text': '-3.3'}, 'MinTemperature': {'@Unit': 'celcius', '#text': '25.9'}, 'DifferentFromMinTemperature': {'@Unit': 'celcius', '#text': '0.1'}, 'RelativeHumidity': {'@Unit': '%', '#text': '88'}, 'WindDirection': {'@Unit': 'degree', '#text': '000'}, 'WindSpeed': {'@Unit': 'km/h', '#text': '0'}, 'Rainfall': {'@Unit': 'mm', '#text': '0.00'}}"
48315,ท่าวังผา,THA WANGPHA,น่าน,"{'@Unit': 'decimal degree', '#text': '19.11056'}","{'@Unit': 'decimal degree', '#text': '100.80250'}","{'@type': 'ObservationToday', 'DateTime': '2025-06-11 07:00', 'MeanSeaLevelPressure': {'@unit': 'mb', '#text': '1005.50'}, 'Temperature': {'@Unit': 'celcius', '#text': '26.0'}, 'MaxTemperature': {'@Unit': 'celcius', '#text': '33.5'}, 'DifferentFromMaxTemperature': {'@Unit': 'celcius', '#text': '-4.0'}, 'MinTemperature': {'@Unit': 'celcius', '#text': '25.1'}, 'DifferentFromMinTemperature': {'@Unit': 'celcius', '#text': '-0.8'}, 'RelativeHumidity': {'@Unit': '%', '#text': '92'}, 'WindDirection': {'@Unit': 'degree', '#text': '000'}, 'WindSpeed': {'@Unit': 'km/h', '#text': '0'}, 'Rainfall': {'@Unit': 'mm', '#text': '0.20'}}"
48307,ทุ่งช้าง,THUNG CHANG,น่าน,"{'@Unit': 'decimal degree', '#text': '19.41194'}","{'@Unit': 'decimal degree', '#text': '100.88353'}","{'@type': 'ObservationToday', 'DateTime': '2025-06-11 07:00', 'MeanSeaLevelPressure': {'@unit': 'mb', '#text': '1005.70'}, 'Temperature': {'@Unit': 'celcius', '#text': '25.0'}, 'MaxTemperature': {'@Unit': 'celcius', '#text': '31.3'}, 'DifferentFromMaxTemperature': {'@Unit': 'celcius', '#text': '-3.2'}, 'MinTemperature': {'@Unit': 'celcius', '#text': '23.8'}, 'DifferentFromMinTemperature': {'@Unit': 'celcius', '#text': '-1.7'}, 'RelativeHumidity': {'@Unit': '%', '#text': '96'}, 'WindDirection': {'@Unit': 'degree', '#text': '000'}, 'WindSpeed': {'@Unit': 'km/h', '#text': '0'}, 'Rainfall': {'@Unit': 'mm', '#text': '0.00'}}"
48351,อุตรดิตถ์,UTTARADIT,อุตรดิตถ์,"{'@Unit': 'decimal degree', '#text': '17.61667'}","{'@Unit': 'decimal degree', '#text': '100.10000'}","{'@type': 'ObservationToday', 'DateTime': '2025-06-11 07:00', 'MeanSeaLevelPressure': {'@unit': 'mb', '#text': '1004.83'}, 'Temperature': {'@Unit': 'celcius', '#text': '26.8'}, 'MaxTemperature': {'@Unit': 'celcius', '#text': '36.5'}, 'DifferentFromMaxTemperature': {'@Unit': 'celcius', '#text': '-1.5'}, 'MinTemperature': {'@Unit': 'celcius', '#text': '26.0'}, 'DifferentFromMinTemperature': {'@Unit': 'celcius', '#text': '-1.2'}, 'RelativeHumidity': {'@Unit': '%', '#text': '94'}, 'WindDirection': {'@Unit': 'degree', '#text': '000'}, 'WindSpeed': {'@Unit': 'km/h', '#text': '0'}, 'Rainfall': {'@Unit': 'mm', '#text': '35.80'}}"
48352,หนองคาย,NONG KHAI,หนองคาย,"{'@Unit': 'decimal degree', '#text': '17.86717'}","{'@Unit': 'decimal degree', '#text': '102.73303'}","{'@type': 'ObservationToday', 'DateTime': '2025-06-11 07:00', 'MeanSeaLevelPressure': {'@unit': 'mb', '#text': '1004.55'}, 'Temperature': {'@Unit': 'celcius', '#text': '24.7'}, 'MaxTemperature': {'@Unit': 'celcius', '#text': '35.2'}, 'DifferentFromMaxTemperature': {'@Unit': 'celcius', '#text': '2.0'}, 'MinTemperature': {'@Unit': 'celcius', '#text': '23.8'}, 'DifferentFromMinTemperature': {'@Unit': 'celcius', '#text': '-2.0'}, 'RelativeHumidity': {'@Unit': '%', '#text': '94'}, 'WindDirection': {'@Unit': 'degree', '#text': '210'}, 'WindSpeed': {'@Unit': 'km/h', '#text': '2'}, 'Rainfall': {'@Unit': 'mm', '#text': '36.20'}}"
48353,เลย,LOEI,เลย,"{'@Unit': 'decimal degree', '#text': '17.45000'}","{'@Unit': 'decimal degree', '#text': '101.73333'}","{'@type': 'ObservationToday', 'DateTime': '2025-06-11 07:00', 'MeanSeaLevelPressure': {'@unit': 'mb', '#text': '1005.28'}, 'Temperature': {'@Unit': 'celcius', '#text': '25.3'}, 'MaxTemperature': {'@Unit': 'celcius', '#text': '36.2'}, 'DifferentFromMaxTemperature': {'@Unit': 'celcius', '#text': '1.2'}, 'MinTemperature': {'@Unit': 'celcius', '#text': '24.3'}, 'DifferentFromMinTemperature': {'@Unit': 'celcius', '#text': '0.3'}, 'RelativeHumidity': {'@Unit': '%', '#text': '93'}, 'WindDirection': {'@Unit': 'degree', '#text': '000'}, 'WindSpeed': {'@Unit': 'km/h', '#text': '0'}, 'Rainfall': {'@Unit': 'mm', '#text': '0.40'}}"
48350,เลย สกษ.,LOEI AGROMET.,เลย,"{'@Unit': 'decimal degree', '#text': '17.40000'}","{'@Unit': 'decimal degree', '#text': '101.73333'}","{'@type': 'ObservationToday', 'DateTime': '2025-06-11 07:00', 'MeanSeaLevelPressure': {'@unit': 'mb', '#text': '1004.35'}, 'Temperature': {'@Unit': 'celcius', '#text': '25.0'}, 'MaxTemperature': {'@Unit': 'celcius', '#text': '33.8'}, 'DifferentFromMaxTemperature': {'@Unit': 'celcius', '#text': '1.1'}, 'MinTemperature': {'@Unit': 'celcius', '#text': '25.0'}, 'DifferentFromMinTemperature': {'@Unit': 'celcius', '#text': '0.5'}, 'RelativeHumidity': {'@Unit': '%', '#text': '98'}, 'WindDirection': {'@Unit': 'degree', '#text': '000'}, 'WindSpeed': {'@Unit': 'km/h', '#text': '0'}, 'Rainfall': {'@Unit': 'mm', '#text': '0.20'}}"
48354,อุดรธานี,UDON THANI,อุดรธานี,"{'@Unit': 'decimal degree', '#text': '17.38333'}","{'@Unit': 'decimal degree', '#text': '102.80000'}","{'@type': 'ObservationToday', 'DateTime': '2025-06-11 07:00', 'MeanSeaLevelPressure': {'@unit': 'mb', '#text': '1005.38'}, 'Temperature': {'@Unit': 'celcius', '#text': '23.4'}, 'MaxTemperature': {'@Unit': 'celcius', '#text': '33.4'}, 'DifferentFromMaxTemperature': {'@Unit': 'celcius', '#text': '1.2'}, 'MinTemperature': {'@Unit': 'celcius', '#text': '23.3'}, 'DifferentFromMinTemperature': {'@Unit': 'celcius', '#text': '-1.1'}, 'RelativeHumidity': {'@Unit': '%', '#text': '98'}, 'WindDirection': {'@Unit': 'degree', '#text': '140'}, 'WindSpeed': {'@Unit': 'km/h', '#text': '3'}, 'Rainfall': {'@Unit': 'mm', '#text': '46.40'}}"
48356,สกลนคร,SAKON NAKHON,สกลนคร,"{'@Unit': 'decimal degree', '#text': '17.15000'}","{'@Unit': 'decimal degree', '#text': '104.13333'}","{'@type': 'ObservationToday', 'DateTime': '2025-06-11 07:00', 'MeanSeaLevelPressure': {'@unit': 'mb', '#text': '1004.88'}, 'Temperature': {'@Unit': 'celcius', '#text': '24.5'}, 'MaxTemperature': {'@Unit': 'celcius', '#text': '32.8'}, 'DifferentFromMaxTemperature': {'@Unit': 'celcius', '#text': '0.7'}, 'MinTemperature': {'@Unit': 'celcius', '#text': '24.0'}, 'DifferentFromMinTemperature': {'@Unit': 'celcius', '#text': '-1.6'}, 'RelativeHumidity': {'@Unit': '%', '#text': '100'}, 'WindDirection': {'@Unit': 'degree', '#text': '280'}, 'WindSpeed': {'@Unit': 'km/h', '#text': '6'}, 'Rainfall': {'@Unit': 'mm', '#text': '66.30'}}"
48355,สกลนคร สกษ.,SAKON NAKHON AGROMET.,สกลนคร,"{'@Unit': 'decimal degree', '#text': '17.12503'}","{'@Unit': 'decimal degree', '#text': '104.06100'}","{'@type': 'ObservationToday', 'DateTime': '2025-06-11 07:00', 'MeanSeaLevelPressure': {'@unit': 'mb', '#text': '1005.42'}, 'Temperature': {'@Unit': 'celcius', '#text': '24.3'}, 'MaxTemperature': {'@Unit': 'celcius', '#text': '34.0'}, 'DifferentFromMaxTemperature': {'@Unit': 'celcius', '#text': '2.1'}, 'MinTemperature': {'@Unit': 'celcius', '#text': '24.0'}, 'DifferentFromMinTemperature': {'@Unit': 'celcius', '#text': '-1.0'}, 'RelativeHumidity': {'@Unit': '%', '#text': '97'}, 'WindDirection': {'@Unit': 'degree', '#text': '000'}, 'WindSpeed': {'@Unit': 'km/h', '#text': '0'}, 'Rainfall': {'@Unit': 'mm', '#text': '46.20'}}"
48357,นครพนม,NAKHON PHANOM,นครพนม,"{'@Unit': 'decimal degree', '#text': '17.41083'}","{'@Unit': 'decimal degree', '#text': '104.78250'}","{'@type': 'ObservationToday', 'DateTime': '2025-06-11 07:00', 'MeanSeaLevelPressure': {'@unit': 'mb', '#text': '1004.85'}, 'Temperature': {'@Unit': 'celcius', '#text': '27.5'}, 'MaxTemperature': {'@Unit': 'celcius', '#text': '33.5'}, 'DifferentFromMaxTemperature': {'@Unit': 'celcius', '#text': '1.2'}, 'MinTemperature': {'@Unit': 'celcius', '#text': '25.7'}, 'DifferentFromMinTemperature': {'@Unit': 'celcius', '#text': '2.6'}, 'RelativeHumidity': {'@Unit': '%', '#text': '89'}, 'WindDirection': {'@Unit': 'degree', '#text': '000'}, 'WindSpeed': {'@Unit': 'km/h', '#text': '0'}, 'Rainfall': {'@Unit': 'mm', '#text': '0.00'}}"
48358,นครพนม สกษ.,NAKHON PHANOM AGROMET.,นครพนม,"{'@Unit': 'decimal degree', '#text': '17.44306'}","{'@Unit': 'decimal degree', '#text': '104.77361'}","{'@type': 'ObservationToday', 'DateTime': '2025-06-11 07:00', 'MeanSeaLevelPressure': {'@unit': 'mb', '#text': '1005.04'}, 'Temperature': {'@Unit': 'celcius', '#text': '27.1'}, 'MaxTemperature': {'@Unit': 'celcius', '#text': '33.1'}, 'DifferentFromMaxTemperature': {'@Unit': 'celcius', '#text': '0.6'}, 'MinTemperature': {'@Unit': 'celcius', '#text': '25.2'}, 'DifferentFromMinTemperature': {'@Unit': 'celcius', '#text': '2.4'}, 'RelativeHumidity': {'@Unit': '%', '#text': '95'}, 'WindDirection': {'@Unit': 'degree', '#text': '340'}, 'WindSpeed': {'@Unit': 'km/h', '#text': '2'}, 'Rainfall': {'@Unit': 'mm', '#text': '0.10'}}"
48360,หนองบัวลำภู,NONG BUA LAM PHU,หนองบัวลำภู,"{'@Unit': 'decimal degree', '#text': '17.23250'}","{'@Unit': 'decimal degree', '#text': '102.42944'}","{'@type': 'ObservationToday', 'DateTime': '2025-06-11 07:00', 'MeanSeaLevelPressure': {'@unit': 'mb', '#text': '1004.46'}, 'Temperature': {'@Unit': 'celcius', '#text': '24.7'}, 'MaxTemperature': {'@Unit': 'celcius', '#text': '32.7'}, 'DifferentFromMaxTemperature': {'@Unit': 'celcius', '#text': '0.7'}, 'MinTemperature': {'@Unit': 'celcius', '#text': '24.5'}, 'DifferentFromMinTemperature': {'@Unit': 'celcius', '#text': '-0.9'}, 'RelativeHumidity': {'@Unit': '%', '#text': '98'}, 'WindDirection': {'@Unit': 'degree', '#text': '110'}, 'WindSpeed': {'@Unit': 'km/h', '#text': '1'}, 'Rainfall': {'@Unit': 'mm', '#text': '8.60'}}"
48363,บึงกาฬ,Bueng Kan,บึงกาฬ,"{'@Unit': 'decimal degree', '#text': '18.41361'}","{'@Unit': 'decimal degree', '#text': '103.51672'}","{'@type': 'ObservationToday', 'DateTime': '2025-06-11 07:00', 'MeanSeaLevelPressure': {'@unit': 'mb', '#text': '1004.87'}, 'Temperature': {'@Unit': 'celcius', '#text': '25.0'}, 'MaxTemperature': {'@Unit': 'celcius', '#text': '33.3'}, 'DifferentFromMaxTemperature': {'@Unit': 'celcius', '#text': '0.9'}, 'MinTemperature': {'@Unit': 'celcius', '#text': '24.7'}, 'DifferentFromMinTemperature': {'@Unit': 'celcius', '#text': '-0.9'}, 'RelativeHumidity': {'@Unit': '%', '#text': '96'}, 'WindDirection': {'@Unit': 'degree', '#text': '320'}, 'WindSpeed': {'@Unit': 'km/h', '#text': '1'}, 'Rainfall': {'@Unit': 'mm', '#text': '2.50'}}"
48372,สุโขทัย,SUKHOTHAI*,สุโขทัย,"{'@Unit': 'decimal degree', '#text': '17.10611'}","{'@Unit': 'decimal degree', '#text': '99.80000'}","{'@type': 'ObservationToday', 'DateTime': '2025-06-11 07:00', 'MeanSeaLevelPressure': {'@unit': 'mb', '#text': '1004.20'}, 'Temperature': {'@Unit': 'celcius', '#text': '27.0'}, 'MaxTemperature': {'@Unit': 'celcius', '#text': '35.2'}, 'DifferentFromMaxTemperature': {'@Unit': 'celcius', '#text': '-0.5'}, 'MinTemperature': {'@Unit': 'celcius', '#text': '26.7'}, 'DifferentFromMinTemperature': {'@Unit': 'celcius', '#text': '-0.7'}, 'RelativeHumidity': {'@Unit': '%', '#text': '92'}, 'WindDirection': {'@Unit': 'degree', '#text': '000'}, 'WindSpeed': {'@Unit': 'km/h', '#text': '0'}, 'Rainfall': {'@Unit': 'mm', '#text': '1.20'}}"
48373,ศรีสำโรง สกษ.,SI SAMRONG AGROMET.,สุโขทัย,"{'@Unit': 'decimal degree', '#text': '17.16136'}","{'@Unit': 'decimal degree', '#text': '99.86167'}","{'@type': 'ObservationToday', 'DateTime': '2025-06-11 07:00', 'MeanSeaLevelPressure': {'@unit': 'mb', '#text': '1004.69'}, 'Temperature': {'@Unit': 'celcius', '#text': '27.0'}, 'MaxTemperature': {'@Unit': 'celcius', '#text': '34.9'}, 'DifferentFromMaxTemperature': {'@Unit': 'celcius', '#text': '-0.4'}, 'MinTemperature': {'@Unit': 'celcius', '#text': '26.9'}, 'DifferentFromMinTemperature': {'@Unit': 'celcius', '#text': '-0.1'}, 'RelativeHumidity': {'@Unit': '%', '#text': '94'}, 'WindDirection': {'@Unit': 'degree', '#text': '000'}, 'WindSpeed': {'@Unit': 'km/h', '#text': '0'}, 'Rainfall': {'@Unit': 'mm', '#text': '0.00'}}"
48376,ตาก,TAK,ตาก,"{'@Unit': 'decimal degree', '#text': '16.87833'}","{'@Unit': 'decimal degree', '#text': '99.14333'}","{'@type': 'ObservationToday', 'DateTime': '2025-06-11 07:00', 'MeanSeaLevelPressure': {'@unit': 'mb', '#text': '1005.05'}, 'Temperature': {'@Unit': 'celcius', '#text': '28.2'}, 'MaxTemperature': {'@Unit': 'celcius', '#text': '34.7'}, 'DifferentFromMaxTemperature': {'@Unit': 'celcius', '#text': '0.7'}, 'MinTemperature': {'@Unit': 'celcius', '#text': '27.0'}, 'DifferentFromMinTemperature': {'@Unit': 'celcius', '#text': '0.6'}, 'RelativeHumidity': {'@Unit': '%', '#text': '75'}, 'WindDirection': {'@Unit': 'degree', '#text': '270'}, 'WindSpeed': {'@Unit': 'km/h', '#text': '5'}, 'Rainfall': {'@Unit': 'mm', '#text': '2.60'}}"
48375,แม่สอด,MAE SOT,ตาก,"{'@Unit': 'decimal degree', '#text': '16.65917'}","{'@Unit': 'decimal degree', '#text': '98.55083'}","{'@type': 'ObservationToday', 'DateTime': '2025-06-11 07:00', 'MeanSeaLevelPressure': {'@unit': 'mb', '#text': '1004.69'}, 'Temperature': {'@Unit': 'celcius', '#text': '25.5'}, 'MaxTemperature': {'@Unit': 'celcius', '#text': '33.5'}, 'DifferentFromMaxTemperature': {'@Unit': 'celcius', '#text': '-1.0'}, 'MinTemperature': {'@Unit': 'celcius', '#text': '24.0'}, 'DifferentFromMinTemperature': {'@Unit': 'celcius', '#text': '0.0'}, 'RelativeHumidity': {'@Unit': '%', '#text': '92'}, 'WindDirection': {'@Unit': 'degree', '#text': '000'}, 'WindSpeed': {'@Unit': 'km/h', '#text': '0'}, 'Rainfall': {'@Unit': 'mm', '#text': '0.00'}}"
48377,เขื่อนภูมิพล,BHUMIBOL DAM,ตาก,"{'@Unit': 'decimal degree', '#text': '17.24389'}","{'@Unit': 'decimal degree', '#text': '99.00250'}","{'@type': 'ObservationToday', 'DateTime': '2025-06-11 07:00', 'MeanSeaLevelPressure': {'@unit': 'mb', '#text': '1004.93'}, 'Temperature': {'@Unit': 'celcius', '#text': '26.8'}, 'MaxTemperature': {'@Unit': 'celcius', '#text': '33.7'}, 'DifferentFromMaxTemperature': {'@Unit': 'celcius', '#text': '-1.9'}, 'MinTemperature': {'@Unit': 'celcius', '#text': '26.4'}, 'DifferentFromMinTemperature': {'@Unit': 'celcius', '#text': '-0.3'}, 'RelativeHumidity': {'@Unit': '%', '#text': '82'}, 'WindDirection': {'@Unit': 'degree', '#text': '000'}, 'WindSpeed': {'@Unit': 'km/h', '#text': '0'}, 'Rainfall': {'@Unit': 'mm', '#text': '0.30'}}"
48387,ดอยมูเซอร์ สกษ.,DOI MU SOE AGROMET.,ตาก,"{'@Unit': 'decimal degree', '#text': '16.75000'}","{'@Unit': 'decimal degree', '#text': '98.93333'}","{'@type': 'ObservationToday', 'DateTime': '2025-06-11 07:00', 'MeanSeaLevelPressure': {'@unit': 'mb', '#text': '1006.35'}, 'Temperature': {'@Unit': 'celcius', '#text': '21.2'}, 'MaxTemperature': {'@Unit': 'celcius', '#text': '26.8'}, 'DifferentFromMaxTemperature': {'@Unit': 'celcius', '#text': '-1.0'}, 'MinTemperature': {'@Unit': 'celcius', '#text': '20.8'}, 'DifferentFromMinTemperature': {'@Unit': 'celcius', '#text': '-0.8'}, 'RelativeHumidity': {'@Unit': '%', '#text': '93'}, 'WindDirection': {'@Unit': 'degree', '#text': '240'}, 'WindSpeed': {'@Unit': 'km/h', '#text': '6'}, 'Rainfall': {'@Unit': 'mm', '#text': '13.70'}}"
48385,อุ้มผาง,UMPHANG,ตาก,"{'@Unit': 'decimal degree', '#text': '16.02472'}","{'@Unit': 'decimal degree', '#text': '98.86444'}","{'@type': 'ObservationToday', 'DateTime': '2025-06-11 07:00', 'MeanSeaLevelPressure': {'@unit': 'mb', '#text': '1006.29'}, 'Temperature': {'@Unit': 'celcius', '#text': '23.2'}, 'MaxTemperature': {'@Unit': 'celcius', '#text': '31.1'}, 'DifferentFromMaxTemperature': {'@Unit': 'celcius', '#text': '-1.3'}, 'MinTemperature': {'@Unit': 'celcius', '#text': '22.6'}, 'DifferentFromMinTemperature': {'@Unit': 'celcius', '#text': '-0.2'}, 'RelativeHumidity': {'@Unit': '%', '#text': '95'}, 'WindDirection': {'@Unit': 'degree', '#text': '000'}, 'WindSpeed': {'@Unit': 'km/h', '#text': '0'}, 'Rainfall': {'@Unit': 'mm', '#text': '1.00'}}"
48378,พิษณุโลก,PHITSANULOK,พิษณุโลก,"{'@Unit': 'decimal degree', '#text': '16.79481'}","{'@Unit': 'decimal degree', '#text': '100.27930'}","{'@type': 'ObservationToday', 'DateTime': '2025-06-11 07:00', 'MeanSeaLevelPressure': {'@unit': 'mb', '#text': '1004.73'}, 'Temperature': {'@Unit': 'celcius', '#text': '27.4'}, 'MaxTemperature': {'@Unit': 'celcius', '#text': '34.3'}, 'DifferentFromMaxTemperature': {'@Unit': 'celcius', '#text': '-1.0'}, 'MinTemperature': {'@Unit': 'celcius', '#text': '26.8'}, 'DifferentFromMinTemperature': {'@Unit': 'celcius', '#text': '0.6'}, 'RelativeHumidity': {'@Unit': '%', '#text': '92'}, 'WindDirection': {'@Unit': 'degree', '#text': '060'}, 'WindSpeed': {'@Unit': 'km/h', '#text': '2'}, 'Rainfall': {'@Unit': 'mm', '#text': '0.00'}}"
48379,เพชรบูรณ์,PHETCHABUN,เพชรบูรณ์,"{'@Unit': 'decimal degree', '#text': '16.43333'}","{'@Unit': 'decimal degree', '#text': '101.15000'}","{'@type': 'ObservationToday', 'DateTime': '2025-06-11 07:00', 'MeanSeaLevelPressure': {'@unit': 'mb', '#text': '1003.42'}, 'Temperature': {'@Unit': 'celcius', '#text': '25.4'}, 'MaxTemperature': {'@Unit': 'celcius', '#text': '33.7'}, 'DifferentFromMaxTemperature': {'@Unit': 'celcius', '#text': '-1.7'}, 'MinTemperature': {'@Unit': 'celcius', '#text': '25.2'}, 'DifferentFromMinTemperature': {'@Unit': 'celcius', '#text': '0.4'}, 'RelativeHumidity': {'@Unit': '%', '#text': '92'}, 'WindDirection': {'@Unit': 'degree', '#text': '000'}, 'WindSpeed': {'@Unit': 'km/h', '#text': '0'}, 'Rainfall': {'@Unit': 'mm', '#text': '5.40'}}"
48374,หล่มสัก,LOM SAK,เพชรบูรณ์,"{'@Unit': 'decimal degree', '#text': '16.77361'}","{'@Unit': 'decimal degree', '#text': '101.24944'}","{'@type': 'ObservationToday', 'DateTime': '2025-06-11 07:00', 'MeanSeaLevelPressure': {'@unit': 'mb', '#text': '1005.27'}, 'Temperature': {'@Unit': 'celcius', '#text': '26.4'}, 'MaxTemperature': {'@Unit': 'celcius', '#text': '35.8'}, 'DifferentFromMaxTemperature': {'@Unit': 'celcius', '#text': '-0.3'}, 'MinTemperature': {'@Unit': 'celcius', '#text': '26.2'}, 'DifferentFromMinTemperature': {'@Unit': 'celcius', '#text': '1.9'}, 'RelativeHumidity': {'@Unit': '%', '#text': '89'}, 'WindDirection': {'@Unit': 'degree', '#text': '000'}, 'WindSpeed': {'@Unit': 'km/h', '#text': '0'}, 'Rainfall': {'@Unit': 'mm', '#text': '0.00'}}"
48413,วิเชียรบุรี,WICHIAN BURI,เพชรบูรณ์,"{'@Unit': 'decimal degree', '#text': '15.65700'}","{'@Unit': 'decimal degree', '#text': '101.10800'}","{'@type': 'ObservationToday', 'DateTime': '2025-06-11 07:00', 'MeanSeaLevelPressure': {'@unit': 'mb', '#text': '1004.54'}, 'Temperature': {'@Unit': 'celcius', '#text': '28.2'}, 'MaxTemperature': {'@Unit': 'celcius', '#text': '34.5'}, 'DifferentFromMaxTemperature': {'@Unit': 'celcius', '#text': '-0.7'}, 'MinTemperature': {'@Unit': 'celcius', '#text': '27.7'}, 'DifferentFromMinTemperature': {'@Unit': 'celcius', '#text': '1.3'}, 'RelativeHumidity': {'@Unit': '%', '#text': '78'}, 'WindDirection': {'@Unit': 'degree', '#text': '000'}, 'WindSpeed': {'@Unit': 'km/h', '#text': '0'}, 'Rainfall': {'@Unit': 'mm', '#text': '2.50'}}"
48380,กำแพงเพชร,KAMPHAENG PHET,กำแพงเพชร,"{'@Unit': 'decimal degree', '#text': '16.48681'}","{'@Unit': 'decimal degree', '#text': '99.52697'}","{'@type': 'ObservationToday', 'DateTime': '2025-06-11 07:00', 'MeanSeaLevelPressure': {'@unit': 'mb', '#text': '1004.97'}, 'Temperature': {'@Unit': 'celcius', '#text': '26.0'}, 'MaxTemperature': {'@Unit': 'celcius', '#text': '32.6'}, 'DifferentFromMaxTemperature': {'@Unit': 'celcius', '#text': '-2.0'}, 'MinTemperature': {'@Unit': 'celcius', '#text': '25.1'}, 'DifferentFromMinTemperature': {'@Unit': 'celcius', '#text': '-2.0'}, 'RelativeHumidity': {'@Unit': '%', '#text': '93'}, 'WindDirection': {'@Unit': 'degree', '#text': '000'}, 'WindSpeed': {'@Unit': 'km/h', '#text': '0'}, 'Rainfall': {'@Unit': 'mm', '#text': '6.70'}}"
48381,ขอนแก่น,KHON KAEN,ขอนแก่น,"{'@Unit': 'decimal degree', '#text': '16.46111'}","{'@Unit': 'decimal degree', '#text': '102.78972'}","{'@type': 'ObservationToday', 'DateTime': '2025-06-11 07:00', 'MeanSeaLevelPressure': {'@unit': 'mb', '#text': '1006.48'}, 'Temperature': {'@Unit': 'celcius', '#text': '23.5'}, 'MaxTemperature': {'@Unit': 'celcius', '#text': '35.4'}, 'DifferentFromMaxTemperature': {'@Unit': 'celcius', '#text': '-0.9'}, 'MinTemperature': {'@Unit': 'celcius', '#text': '23.2'}, 'DifferentFromMinTemperature': {'@Unit': 'celcius', '#text': '-1.6'}, 'RelativeHumidity': {'@Unit': '%', '#text': '99'}, 'WindDirection': {'@Unit': 'degree', '#text': '090'}, 'WindSpeed': {'@Unit': 'km/h', '#text': '2'}, 'Rainfall': {'@Unit': 'mm', '#text': '81.50'}}"
48384,ท่าพระ สกษ.,THA PHRA AGROMET.,ขอนแก่น,"{'@Unit': 'decimal degree', '#text': '16.33333'}","{'@Unit': 'decimal degree', '#text': '102.81667'}","{'@type': 'ObservationToday', 'DateTime': '2025-06-11 07:00', 'MeanSeaLevelPressure': {'@unit': 'mb', '#text': '1005.65'}, 'Temperature': {'@Unit': 'celcius', '#text': '24.0'}, 'MaxTemperature': {'@Unit': 'celcius', '#text': '35.0'}, 'DifferentFromMaxTemperature': {'@Unit': 'celcius', '#text': '-1.7'}, 'MinTemperature': {'@Unit': 'celcius', '#text': '22.5'}, 'DifferentFromMinTemperature': {'@Unit': 'celcius', '#text': '-0.6'}, 'RelativeHumidity': {'@Unit': '%', '#text': '97'}, 'WindDirection': {'@Unit': 'degree', '#text': '000'}, 'WindSpeed': {'@Unit': 'km/h', '#text': '0'}, 'Rainfall': {'@Unit': 'mm', '#text': '82.50'}}"
48383,มุกดาหาร,MUKDAHAN,มุกดาหาร,"{'@Unit': 'decimal degree', '#text': '16.54139'}","{'@Unit': 'decimal degree', '#text': '104.72889'}","{'@type': 'ObservationToday', 'DateTime': '2025-06-11 07:00', 'MeanSeaLevelPressure': {'@unit': 'mb', '#text': '1003.97'}, 'Temperature': {'@Unit': 'celcius', '#text': '25.3'}, 'MaxTemperature': {'@Unit': 'celcius', '#text': '33.5'}, 'DifferentFromMaxTemperature': {'@Unit': 'celcius', '#text': '-3.5'}, 'MinTemperature': {'@Unit': 'celcius', '#text': '24.4'}, 'DifferentFromMinTemperature': {'@Unit': 'celcius', '#text': '-0.7'}, 'RelativeHumidity': {'@Unit': '%', '#text': '96'}, 'WindDirection': {'@Unit': 'degree', '#text': '000'}, 'WindSpeed': {'@Unit': 'km/h', '#text': '0'}, 'Rainfall': {'@Unit': 'mm', '#text': '36.10'}}"
48386,พิจิตร สกษ.,PICHIT AGROMET.,พิจิตร,"{'@Unit': 'decimal degree', '#text': '16.43806'}","{'@Unit': 'decimal degree', '#text': '100.29250'}","{'@type': 'ObservationToday', 'DateTime': '2025-06-11 07:00', 'MeanSeaLevelPressure': {'@unit': 'mb', '#text': '1003.23'}, 'Temperature': {'@Unit': 'celcius', '#text': '27.5'}, 'MaxTemperature': {'@Unit': 'celcius', '#text': '34.1'}, 'DifferentFromMaxTemperature': {'@Unit': 'celcius', '#text': '-0.3'}, 'MinTemperature': {'@Unit': 'celcius', '#text': '27.2'}, 'DifferentFromMinTemperature': {'@Unit': 'celcius', '#text': '1.1'}, 'RelativeHumidity': {'@Unit': '%', '#text': '92'}, 'WindDirection': {'@Unit': 'degree', '#text': '000'}, 'WindSpeed': {'@Unit': 'km/h', '#text': '0'}, 'Rainfall': {'@Unit': 'mm', '#text': '0.00'}}"
48382,มหาสารคาม,MAHASARAKHAM,มหาสารคาม,"{'@Unit': 'decimal degree', '#text': '16.24722'}","{'@Unit': 'decimal degree', '#text': '103.06805'}","{'@type': 'ObservationToday', 'DateTime': '2025-06-11 07:00', 'MeanSeaLevelPressure': {'@unit': 'mb', '#text': '1006.10'}, 'Temperature': {'@Unit': 'celcius', '#text': '23.5'}, 'MaxTemperature': {'@Unit': 'celcius', '#text': '35.0'}, 'DifferentFromMaxTemperature': {'@Unit': 'celcius', '#text': '-0.7'}, 'MinTemperature': {'@Unit': 'celcius', '#text': '23.1'}, 'DifferentFromMinTemperature': {'@Unit': 'celcius', '#text': '-2.2'}, 'RelativeHumidity': {'@Unit': '%', '#text': '98'}, 'WindDirection': {'@Unit': 'degree', '#text': '340'}, 'WindSpeed': {'@Unit': 'km/h', '#text': '2'}, 'Rainfall': {'@Unit': 'mm', '#text': '96.80'}}"
48390,กาฬสินธุ์,KALASIN,กาฬสินธุ์,"{'@Unit': 'decimal degree', '#text': '16.33250'}","{'@Unit': 'decimal degree', '#text': '103.58833'}","{'@type': 'ObservationToday', 'DateTime': '2025-06-11 07:00', 'MeanSeaLevelPressure': {'@unit': 'mb', '#text': '1004.82'}, 'Temperature': {'@Unit': 'celcius', '#text': '25.6'}, 'MaxTemperature': {'@Unit': 'celcius', '#text': '35.2'}, 'DifferentFromMaxTemperature': {'@Unit': 'celcius', '#text': '-0.2'}, 'MinTemperature': {'@Unit': 'celcius', '#text': '24.1'}, 'DifferentFromMinTemperature': {'@Unit': 'celcius', '#text': '-1.7'}, 'RelativeHumidity': {'@Unit': '%', '#text': '97'}, 'WindDirection': {'@Unit': 'degree', '#text': '000'}, 'WindSpeed': {'@Unit': 'km/h', '#text': '0'}, 'Rainfall': {'@Unit': 'mm', '#text': '43.40'}}"
48391,อำนาจเจริญ,Amnat Charoen,อำนาจเจริญ,"{'@Unit': 'decimal degree', '#text': '15.90375'}","{'@Unit': 'decimal degree', '#text': '104.61805'}","{'@type': 'ObservationToday', 'DateTime': '2025-06-11 07:00', 'MeanSeaLevelPressure': {'@unit': 'mb', '#text': '1005.00'}, 'Temperature': {'@Unit': 'celcius', '#text': '24.1'}, 'MaxTemperature': {'@Unit': 'celcius', '#text': '32.5'}, 'DifferentFromMaxTemperature': {'@Unit': 'celcius', '#text': '-1.5'}, 'MinTemperature': {'@Unit': 'celcius', '#text': '23.3'}, 'DifferentFromMinTemperature': {'@Unit': 'celcius', '#text': '-2.4'}, 'RelativeHumidity': {'@Unit': '%', '#text': '100'}, 'WindDirection': {'@Unit': 'degree', '#text': '000'}, 'WindSpeed': {'@Unit': 'km/h', '#text': '0'}, 'Rainfall': {'@Unit': 'mm', '#text': '101.20'}}"
48400,นครสวรรค์,NAKHON SAWAN,นครสวรรค์,"{'@Unit': 'decimal degree', '#text': '15.67183'}","{'@Unit': 'decimal degree', '#text': '100.13236'}","{'@type': 'ObservationToday', 'DateTime': '2025-06-11 07:00', 'MeanSeaLevelPressure': {'@unit': 'mb', '#text': '1005.23'}, 'Temperature': {'@Unit': 'celcius', '#text': '26.7'}, 'MaxTemperature': {'@Unit': 'celcius', '#text': '34.6'}, 'DifferentFromMaxTemperature': {'@Unit': 'celcius', '#text': '-0.9'}, 'MinTemperature': {'@Unit': 'celcius', '#text': '25.7'}, 'DifferentFromMinTemperature': {'@Unit': 'celcius', '#text': '-0.3'}, 'RelativeHumidity': {'@Unit': '%', '#text': '93'}, 'WindDirection': {'@Unit': 'degree', '#text': '000'}, 'WindSpeed': {'@Unit': 'km/h', '#text': '0'}, 'Rainfall': {'@Unit': 'mm', '#text': '0.00'}}"
48401,ตากฟ้า สกษ.,TAKFA AGROMET.,นครสวรรค์,"{'@Unit': 'decimal degree', '#text': '15.34944'}","{'@Unit': 'decimal degree', '#text': '100.53028'}","{'@type': 'ObservationToday', 'DateTime': '2025-06-11 07:00', 'MeanSeaLevelPressure': {'@unit': 'mb', '#text': '1005.79'}, 'Temperature': {'@Unit': 'celcius', '#text': '27.2'}, 'MaxTemperature': {'@Unit': 'celcius', '#text': '34.7'}, 'DifferentFromMaxTemperature': {'@Unit': 'celcius', '#text': '-0.8'}, 'MinTemperature': {'@Unit': 'celcius', '#text': '26.0'}, 'DifferentFromMinTemperature': {'@Unit': 'celcius', '#text': '1.3'}, 'RelativeHumidity': {'@Unit': '%', '#text': '87'}, 'WindDirection': {'@Unit': 'degree', '#text': '000'}, 'WindSpeed': {'@Unit': 'km/h', '#text': '0'}, 'Rainfall': {'@Unit': 'mm', '#text': '0.00'}}"
48402,ชัยนาท สกษ.,CHAINAT AGROMET.,ชัยนาท,"{'@Unit': 'decimal degree', '#text': '15.15000'}","{'@Unit': 'decimal degree', '#text': '100.18333'}","{'@type': 'ObservationToday', 'DateTime': '2025-06-11 07:00', 'MeanSeaLevelPressure': {'@unit': 'mb', '#text': '1005.88'}, 'Temperature': {'@Unit': 'celcius', '#text': '27.3'}, 'MaxTemperature': {'@Unit': 'celcius', '#text': '34.7'}, 'DifferentFromMaxTemperature': {'@Unit': 'celcius', '#text': '-0.2'}, 'MinTemperature': {'@Unit': 'celcius', '#text': '26.7'}, 'DifferentFromMinTemperature': {'@Unit': 'celcius', '#text': '1.8'}, 'RelativeHumidity': {'@Unit': '%', '#text': '87'}, 'WindDirection': {'@Unit': 'degree', '#text': '000'}, 'WindSpeed': {'@Unit': 'km/h', '#text': '0'}, 'Rainfall': {'@Unit': 'mm', '#text': '0.00'}}"
48403,ชัยภูมิ,CHAIYAPHUM,ชัยภูมิ,"{'@Unit': 'decimal degree', '#text': '15.80000'}","{'@Unit': 'decimal degree', '#text': '102.03333'}","{'@type': 'ObservationToday', 'DateTime': '2025-06-11 07:00', 'MeanSeaLevelPressure': {'@unit': 'mb', '#text': '1004.50'}, 'Temperature': {'@Unit': 'celcius', '#text': '27.2'}, 'MaxTemperature': {'@Unit': 'celcius', '#text': '34.9'}, 'DifferentFromMaxTemperature': {'@Unit': 'celcius', '#text': '-0.6'}, 'MinTemperature': {'@Unit': 'celcius', '#text': '27.0'}, 'DifferentFromMinTemperature': {'@Unit': 'celcius', '#text': '1.7'}, 'RelativeHumidity': {'@Unit': '%', '#text': '86'}, 'WindDirection': {'@Unit': 'degree', '#text': '000'}, 'WindSpeed': {'@Unit': 'km/h', '#text': '0'}, 'Rainfall': {'@Unit': 'mm', '#text': '0.00'}}"
48405,ร้อยเอ็ด,ROI ET,ร้อยเอ็ด,"{'@Unit': 'decimal degree', '#text': '16.02000'}","{'@Unit': 'decimal degree', '#text': '103.74389'}","{'@type': 'ObservationToday', 'DateTime': '2025-06-11 07:00', 'MeanSeaLevelPressure': {'@unit': 'mb', '#text': '1004.44'}, 'Temperature': {'@Unit': 'celcius', '#text': '25.1'}, 'MaxTemperature': {'@Unit': 'celcius', '#text': '33.1'}, 'DifferentFromMaxTemperature': {'@Unit': 'celcius', '#text': '-2.1'}, 'MinTemperature': {'@Unit': 'celcius', '#text': '24.5'}, 'DifferentFromMinTemperature': {'@Unit': 'celcius', '#text': '-2.5'}, 'RelativeHumidity': {'@Unit': '%', '#text': '99'}, 'WindDirection': {'@Unit': 'degree', '#text': '080'}, 'WindSpeed': {'@Unit': 'km/h', '#text': '3'}, 'Rainfall': {'@Unit': 'mm', '#text': '103.70'}}"
48404,ร้อยเอ็ด สกษ.,ROI ET AGROMET.,ร้อยเอ็ด,"{'@Unit': 'decimal degree', '#text': '16.07322'}","{'@Unit': 'decimal degree', '#text': '103.60844'}","{'@type': 'ObservationToday', 'DateTime': '2025-06-11 07:00', 'MeanSeaLevelPressure': {'@unit': 'mb', '#text': '1004.76'}, 'Temperature': {'@Unit': 'celcius', '#text': '25.2'}, 'MaxTemperature': {'@Unit': 'celcius', '#text': '33.6'}, 'DifferentFromMaxTemperature': {'@Unit': 'celcius', '#text': '-1.3'}, 'MinTemperature': {'@Unit': 'celcius', '#text': '24.5'}, 'DifferentFromMinTemperature': {'@Unit': 'celcius', '#text': '-1.3'}, 'RelativeHumidity': {'@Unit': '%', '#text': '95'}, 'WindDirection': {'@Unit': 'degree', '#text': '040'}, 'WindSpeed': {'@Unit': 'km/h', '#text': '2'}, 'Rainfall': {'@Unit': 'mm', '#text': '67.50'}}"
48406,ยโสธร,Yasothon,ยโสธร,"{'@Unit': 'decimal degree', '#text': '15.79494'}","{'@Unit': 'decimal degree', '#text': '104.21436'}","{'@type': 'ObservationToday', 'DateTime': '2025-06-11 07:00', 'MeanSeaLevelPressure': {'@unit': 'mb', '#text': '1005.40'}, 'Temperature': {'@Unit': 'celcius', '#text': '24.8'}, 'MaxTemperature': {'@Unit': 'celcius', '#text': '33.8'}, 'DifferentFromMaxTemperature': {'@Unit': 'celcius', '#text': '-0.3'}, 'MinTemperature': {'@Unit': 'celcius', '#text': '23.5'}, 'DifferentFromMinTemperature': {'@Unit': 'celcius', '#text': '-2.5'}, 'RelativeHumidity': {'@Unit': '%', '#text': '100'}, 'WindDirection': {'@Unit': 'degree', '#text': '000'}, 'WindSpeed': {'@Unit': 'km/h', '#text': '0'}, 'Rainfall': {'@Unit': 'mm', '#text': '72.30'}}"
48408,อุบลราชธานี สกษ.,UBON RATCHATHANI AGROMET.,อุบลราชธานี,"{'@Unit': 'decimal degree', '#text': '15.23914'}","{'@Unit': 'decimal degree', '#text': '105.02350'}","{'@type': 'ObservationToday', 'DateTime': '2025-06-11 07:00', 'MeanSeaLevelPressure': {'@unit': 'mb', '#text': '1005.31'}, 'Temperature': {'@Unit': 'celcius', '#text': '25.2'}, 'MaxTemperature': {'@Unit': 'celcius', '#text': '35.0'}, 'DifferentFromMaxTemperature': {'@Unit': 'celcius', '#text': '-0.3'}, 'MinTemperature': {'@Unit': 'celcius', '#text': '23.8'}, 'DifferentFromMinTemperature': {'@Unit': 'celcius', '#text': '-0.9'}, 'RelativeHumidity': {'@Unit': '%', '#text': '96'}, 'WindDirection': {'@Unit': 'degree', '#text': '000'}, 'WindSpeed': {'@Unit': 'km/h', '#text': '0'}, 'Rainfall': {'@Unit': 'mm', '#text': '22.30'}}"
48407,อุบลราชธานี (ศูนย์ฯ),UBON RATCHATHANI,อุบลราชธานี,"{'@Unit': 'decimal degree', '#text': '15.25000'}","{'@Unit': 'decimal degree', '#text': '104.86667'}","{'@type': 'ObservationToday', 'DateTime': '2025-06-11 07:00', 'MeanSeaLevelPressure': {'@unit': 'mb', '#text': '1005.17'}, 'Temperature': {'@Unit': 'celcius', '#text': '25.5'}, 'MaxTemperature': {'@Unit': 'celcius', '#text': '33.1'}, 'DifferentFromMaxTemperature': {'@Unit': 'celcius', '#text': '-1.7'}, 'MinTemperature': {'@Unit': 'celcius', '#text': '24.5'}, 'DifferentFromMinTemperature': {'@Unit': 'celcius', '#text': '-1.4'}, 'RelativeHumidity': {'@Unit': '%', '#text': '92'}, 'WindDirection': {'@Unit': 'degree', '#text': '300'}, 'WindSpeed': {'@Unit': 'km/h', '#text': '2'}, 'Rainfall': {'@Unit': 'mm', '#text': '41.30'}}"
48409,ศรีสะเกษ,SI SAKET AGROMET.,ศรีสะเกษ,"{'@Unit': 'decimal degree', '#text': '15.00000'}","{'@Unit': 'decimal degree', '#text': '104.05000'}","{'@type': 'ObservationToday', 'DateTime': '2025-06-11 07:00', 'MeanSeaLevelPressure': {'@unit': 'mb', '#text': '1005.72'}, 'Temperature': {'@Unit': 'celcius', '#text': '24.7'}, 'MaxTemperature': {'@Unit': 'celcius', '#text': '34.5'}, 'DifferentFromMaxTemperature': {'@Unit': 'celcius', '#text': '-0.2'}, 'MinTemperature': {'@Unit': 'celcius', '#text': '24.4'}, 'DifferentFromMinTemperature': {'@Unit': 'celcius', '#text': '-1.3'}, 'RelativeHumidity': {'@Unit': '%', '#text': '94'}, 'WindDirection': {'@Unit': 'degree', '#text': '050'}, 'WindSpeed': {'@Unit': 'km/h', '#text': '3'}, 'Rainfall': {'@Unit': 'mm', '#text': '7.90'}}"
48410,อุทัยธานี,UTHAITHANI,อุทัยธานี,"{'@Unit': 'decimal degree', '#text': '15.37417'}","{'@Unit': 'decimal degree', '#text': '100.03889'}","{'@type': 'ObservationToday', 'DateTime': '2025-06-11 07:00', 'MeanSeaLevelPressure': {'@unit': 'mb', '#text': '1005.22'}, 'Temperature': {'@Unit': 'celcius', '#text': '28.0'}, 'MaxTemperature': {'@Unit': 'celcius', '#text': '35.7'}, 'DifferentFromMaxTemperature': {'@Unit': 'celcius', '#text': '-0.3'}, 'MinTemperature': {'@Unit': 'celcius', '#text': '26.6'}, 'DifferentFromMinTemperature': {'@Unit': 'celcius', '#text': '0.6'}, 'RelativeHumidity': {'@Unit': '%', '#text': '85'}, 'WindDirection': {'@Unit': 'degree', '#text': '000'}, 'WindSpeed': {'@Unit': 'km/h', '#text': '0'}, 'Rainfall': {'@Unit': 'mm', '#text': '0.00'}}"
48415,พระนครศรีอยุธยา,AYUTTHAYA,พระนครศรีอยุธยา,"{'@Unit': 'decimal degree', '#text': '14.53472'}","{'@Unit': 'decimal degree', '#text': '100.72500'}","{'@type': 'ObservationToday', 'DateTime': '2025-06-11 07:00', 'MeanSeaLevelPressure': {'@unit': 'mb', '#text': '1005.93'}, 'Temperature': {'@Unit': 'celcius', '#text': '29.8'}, 'MaxTemperature': {'@Unit': 'celcius', '#text': '36.5'}, 'DifferentFromMaxTemperature': {'@Unit': 'celcius', '#text': '-0.1'}, 'MinTemperature': {'@Unit': 'celcius', '#text': '23.5'}, 'DifferentFromMinTemperature': {'@Unit': 'celcius', '#text': '-0.7'}, 'RelativeHumidity': {'@Unit': '%', '#text': '75'}, 'WindDirection': {'@Unit': 'degree', '#text': '220'}, 'WindSpeed': {'@Unit': 'km/h', '#text': '2'}, 'Rainfall': {'@Unit': 'mm', '#text': '0.00'}}"
48417,นครนายก,NAKORNNAYOK,นครนายก,"{'@Unit': 'decimal degree', '#text': '14.36222'}","{'@Unit': 'decimal degree', '#text': '101.39278'}","{'@type': 'ObservationToday', 'DateTime': '2025-06-11 07:00', 'MeanSeaLevelPressure': {'@unit': 'mb', '#text': '1005.18'}, 'Temperature': {'@Unit': 'celcius', '#text': '19.8'}, 'MaxTemperature': {'@Unit': 'celcius', '#text': '24.6'}, 'DifferentFromMaxTemperature': {'@Unit': 'celcius', '#text': '-1.5'}, 'MinTemperature': {'@Unit': 'celcius', '#text': '19.1'}, 'DifferentFromMinTemperature': {'@Unit': 'celcius', '#text': '-0.5'}, 'RelativeHumidity': {'@Unit': '%', '#text': '99'}, 'WindDirection': {'@Unit': 'degree', '#text': '260'}, 'WindSpeed': {'@Unit': 'km/h', '#text': '11'}, 'Rainfall': {'@Unit': 'mm', '#text': '54.80'}}"
48419,ปทุมธานี สกษ.,PATHUMTHANI,ปทุมธานี,"{'@Unit': 'decimal degree', '#text': '14.10000'}","{'@Unit': 'decimal degree', '#text': '100.61667'}","{'@type': 'ObservationToday', 'DateTime': '2025-06-11 07:00', 'MeanSeaLevelPressure': {'@unit': 'mb', '#text': '1006.39'}, 'Temperature': {'@Unit': 'celcius', '#text': '28.5'}, 'MaxTemperature': {'@Unit': 'celcius', '#text': '36.0'}, 'DifferentFromMaxTemperature': {'@Unit': 'celcius', '#text': '0.6'}, 'MinTemperature': {'@Unit': 'celcius', '#text': '28.0'}, 'DifferentFromMinTemperature': {'@Unit': 'celcius', '#text': '0.5'}, 'RelativeHumidity': {'@Unit': '%', '#text': '78'}, 'WindDirection': {'@Unit': 'degree', '#text': '240'}, 'WindSpeed': {'@Unit': 'km/h', '#text': '4'}, 'Rainfall': {'@Unit': 'mm', '#text': '0.00'}}"
48458,ฉะเชิงเทรา,CHACHOENGSAO,ฉะเชิงเทรา,"{'@Unit': 'decimal degree', '#text': '13.51556'}","{'@Unit': 'decimal degree', '#text': '101.45833'}","{'@type': 'ObservationToday', 'DateTime': '2025-06-11 07:00', 'MeanSeaLevelPressure': {'@unit': 'mb', '#text': '1006.68'}, 'Temperature': {'@Unit': 'celcius', '#text': '27.6'}, 'MaxTemperature': {'@Unit': 'celcius', '#text': '33.8'}, 'DifferentFromMaxTemperature': {'@Unit': 'celcius', '#text': '-1.2'}, 'MinTemperature': {'@Unit': 'celcius', '#text': '27.0'}, 'DifferentFromMinTemperature': {'@Unit': 'celcius', '#text': '1.9'}, 'RelativeHumidity': {'@Unit': '%', '#text': '83'}, 'WindDirection': {'@Unit': 'degree', '#text': '230'}, 'WindSpeed': {'@Unit': 'km/h', '#text': '1'}, 'Rainfall': {'@Unit': 'mm', '#text': '0.00'}}"
48464,ราชบุรี,RATCHA BURI,ราชบุรี,"{'@Unit': 'decimal degree', '#text': '13.48931'}","{'@Unit': 'decimal degree', '#text': '99.79239'}","{'@type': 'ObservationToday', 'DateTime': '2025-06-11 07:00', 'MeanSeaLevelPressure': {'@unit': 'mb', '#text': '1006.05'}, 'Temperature': {'@Unit': 'celcius', '#text': '27.5'}, 'MaxTemperature': {'@Unit': 'celcius', '#text': '34.9'}, 'DifferentFromMaxTemperature': {'@Unit': 'celcius', '#text': '0.4'}, 'MinTemperature': {'@Unit': 'celcius', '#text': '26.9'}, 'DifferentFromMinTemperature': {'@Unit': 'celcius', '#text': '1.4'}, 'RelativeHumidity': {'@Unit': '%', '#text': '73'}, 'WindDirection': {'@Unit': 'degree', '#text': '290'}, 'WindSpeed': {'@Unit': 'km/h', '#text': '3'}, 'Rainfall': {'@Unit': 'mm', '#text': '0.01'}}"
48425,สุพรรณบุรี,SUPHAN BURI,สุพรรณบุรี,"{'@Unit': 'decimal degree', '#text': '14.47444'}","{'@Unit': 'decimal degree', '#text': '100.13889'}","{'@type': 'ObservationToday', 'DateTime': '2025-06-11 07:00', 'MeanSeaLevelPressure': {'@unit': 'mb', '#text': '1005.63'}, 'Temperature': {'@Unit': 'celcius', '#text': '28.2'}, 'MaxTemperature': {'@Unit': 'celcius', '#text': '35.5'}, 'DifferentFromMaxTemperature': {'@Unit': 'celcius', '#text': '-1.1'}, 'MinTemperature': {'@Unit': 'celcius', '#text': '27.0'}, 'DifferentFromMinTemperature': {'@Unit': 'celcius', '#text': '0.6'}, 'RelativeHumidity': {'@Unit': '%', '#text': '77'}, 'WindDirection': {'@Unit': 'degree', '#text': '090'}, 'WindSpeed': {'@Unit': 'km/h', '#text': '4'}, 'Rainfall': {'@Unit': 'mm', '#text': '0.00'}}"
48427,อู่ทอง สกษ.,U THONG AGROMET.,สุพรรณบุรี,"{'@Unit': 'decimal degree', '#text': '14.30361'}","{'@Unit': 'decimal degree', '#text': '99.86472'}","{'@type': 'ObservationToday', 'DateTime': '2025-06-11 07:00', 'MeanSeaLevelPressure': {'@unit': 'mb', '#text': '1005.81'}, 'Temperature': {'@Unit': 'celcius', '#text': '28.2'}, 'MaxTemperature': {'@Unit': 'celcius', '#text': '35.2'}, 'DifferentFromMaxTemperature': {'@Unit': 'celcius', '#text': '-1.0'}, 'MinTemperature': {'@Unit': 'celcius', '#text': '26.7'}, 'DifferentFromMinTemperature': {'@Unit': 'celcius', '#text': '0.6'}, 'RelativeHumidity': {'@Unit': '%', '#text': '88'}, 'WindDirection': {'@Unit': 'degree', '#text': '230'}, 'WindSpeed': {'@Unit': 'km/h', '#text': '10'}, 'Rainfall': {'@Unit': 'mm', '#text': '0.00'}}"
48426,ลพบุรี,LOP BURI,ลพบุรี,"{'@Unit': 'decimal degree', '#text': '14.79972'}","{'@Unit': 'decimal degree', '#text': '100.64500'}","{'@type': 'ObservationToday', 'DateTime': '2025-06-11 07:00', 'MeanSeaLevelPressure': {'@unit': 'mb', '#text': '1005.20'}, 'Temperature': {'@Unit': 'celcius', '#text': '27.5'}, 'MaxTemperature': {'@Unit': 'celcius', '#text': '34.7'}, 'DifferentFromMaxTemperature': {'@Unit': 'celcius', '#text': '-0.7'}, 'MinTemperature': {'@Unit': 'celcius', '#text': '25.7'}, 'DifferentFromMinTemperature': {'@Unit': 'celcius', '#text': '-0.1'}, 'RelativeHumidity': {'@Unit': '%', '#text': '81'}, 'WindDirection': {'@Unit': 'degree', '#text': '210'}, 'WindSpeed': {'@Unit': 'km/h', '#text': '2'}, 'Rainfall': {'@Unit': 'mm', '#text': '0.00'}}"
48418,บัวชุม,BUA CHUM,ลพบุรี,"{'@Unit': 'decimal degree', '#text': '15.26667'}","{'@Unit': 'decimal degree', '#text': '101.18736'}","{'@type': 'ObservationToday', 'DateTime': '2025-06-11 07:00', 'MeanSeaLevelPressure': {'@unit': 'mb', '#text': '1005.05'}, 'Temperature': {'@Unit': 'celcius', '#text': '27.8'}, 'MaxTemperature': {'@Unit': 'celcius', '#text': '35.9'}, 'DifferentFromMaxTemperature': {'@Unit': 'celcius', '#text': '-2.1'}, 'MinTemperature': {'@Unit': 'celcius', '#text': '26.2'}, 'DifferentFromMinTemperature': {'@Unit': 'celcius', '#text': '1.6'}, 'RelativeHumidity': {'@Unit': '%', '#text': '82'}, 'WindDirection': {'@Unit': 'degree', '#text': '250'}, 'WindSpeed': {'@Unit': 'km/h', '#text': '2'}, 'Rainfall': {'@Unit': 'mm', '#text': '0.00'}}"
48457,นำร่อง,PILOT STATION,สมุทรปราการ,"{'@Unit': 'decimal degree', '#text': '13.39389'}","{'@Unit': 'decimal degree', '#text': '100.59944'}","{'@type': 'ObservationToday', 'DateTime': '2025-06-11 07:00', 'MeanSeaLevelPressure': {'@unit': 'mb', '#text': '1005.28'}, 'Temperature': {'@Unit': 'celcius', '#text': '28.3'}, 'MaxTemperature': {'@Unit': 'celcius', '#text': '32.4'}, 'DifferentFromMaxTemperature': {'@Unit': 'celcius', '#text': '-0.6'}, 'MinTemperature': {'@Unit': 'celcius', '#text': '27.5'}, 'DifferentFromMinTemperature': {'@Unit': 'celcius', '#text': '-0.5'}, 'RelativeHumidity': {'@Unit': '%', '#text': '85'}, 'WindDirection': {'@Unit': 'degree', '#text': '200'}, 'WindSpeed': {'@Unit': 'km/h', '#text': '8'}, 'Rainfall': {'@Unit': 'mm', '#text': '0.00'}}"
48420,สมุทรปราการ สกษ.,Samut Prakarn,สมุทรปราการ,"{'@Unit': 'decimal degree', '#text': '13.51667'}","{'@Unit': 'decimal degree', '#text': '100.76167'}","{'@type': 'ObservationToday', 'DateTime': '2025-06-11 07:00', 'MeanSeaLevelPressure': {'@unit': 'mb', '#text': '1005.29'}, 'Temperature': {'@Unit': 'celcius', '#text': '29.0'}, 'MaxTemperature': {'@Unit': 'celcius', '#text': '32.6'}, 'DifferentFromMaxTemperature': {'@Unit': 'celcius', '#text': '-0.2'}, 'MinTemperature': {'@Unit': 'celcius', '#text': '28.8'}, 'DifferentFromMinTemperature': {'@Unit': 'celcius', '#text': '2.1'}, 'RelativeHumidity': {'@Unit': '%', '#text': '75'}, 'WindDirection': {'@Unit': 'degree', '#text': '250'}, 'WindSpeed': {'@Unit': 'km/h', '#text': '8'}, 'Rainfall': {'@Unit': 'mm', '#text': '0.00'}}"
48429,สนามบินสุวรรณภูมิ,SUVARNABHUMI AIRPORT,สมุทรปราการ,"{'@Unit': 'decimal degree', '#text': '13.68639'}","{'@Unit': 'decimal degree', '#text': '100.76750'}","{'@type': 'ObservationToday', 'DateTime': '2025-06-11 07:00', 'MeanSeaLevelPressure': {'@unit': 'mb', '#text': '1005.98'}, 'Temperature': {'@Unit': 'celcius', '#text': '27.9'}, 'MaxTemperature': {'@Unit': 'celcius', '#text': '33.2'}, 'DifferentFromMaxTemperature': {'@Unit': 'celcius', '#text': '-0.1'}, 'MinTemperature': {'@Unit': 'celcius', '#text': '26.5'}, 'DifferentFromMinTemperature': {'@Unit': 'celcius', '#text': '-0.8'}, 'RelativeHumidity': {'@Unit': '%', '#text': '93'}, 'WindDirection': {'@Unit': 'degree', '#text': '270'}, 'WindSpeed': {'@Unit': 'km/h', '#text': '4'}, 'Rainfall': {'@Unit': 'mm', '#text': '0.00'}}"
48430,ปราจีนบุรี,PRACHIN BURI,ปราจีนบุรี,"{'@Unit': 'decimal degree', '#text': '14.05842'}","{'@Unit': 'decimal degree', '#text': '101.36930'}","{'@type': 'ObservationToday', 'DateTime': '2025-06-11 07:00', 'MeanSeaLevelPressure': {'@unit': 'mb', '#text': '1005.08'}, 'Temperature': {'@Unit': 'celcius', '#text': '28.0'}, 'MaxTemperature': {'@Unit': 'celcius', '#text': '34.9'}, 'DifferentFromMaxTemperature': {'@Unit': 'celcius', '#text': '0.1'}, 'MinTemperature': {'@Unit': 'celcius', '#text': '27.2'}, 'DifferentFromMinTemperature': {'@Unit': 'celcius', '#text': '1.8'}, 'RelativeHumidity': {'@Unit': '%', '#text': '88'}, 'WindDirection': {'@Unit': 'degree', '#text': '000'}, 'WindSpeed': {'@Unit': 'km/h', '#text': '0'}, 'Rainfall': {'@Unit': 'mm', '#text': '2.00'}}"
48439,กบินทร์บุรี,KABIN BURI,ปราจีนบุรี,"{'@Unit': 'decimal degree', '#text': '13.98333'}","{'@Unit': 'decimal degree', '#text': '101.70722'}","{'@type': 'ObservationToday', 'DateTime': '2025-06-11 07:00', 'MeanSeaLevelPressure': {'@unit': 'mb', '#text': '1005.06'}, 'Temperature': {'@Unit': 'celcius', '#text': '27.0'}, 'MaxTemperature': {'@Unit': 'celcius', '#text': '33.7'}, 'DifferentFromMaxTemperature': {'@Unit': 'celcius', '#text': '-0.8'}, 'MinTemperature': {'@Unit': 'celcius', '#text': '26.7'}, 'DifferentFromMinTemperature': {'@Unit': 'celcius', '#text': '0.5'}, 'RelativeHumidity': {'@Unit': '%', '#text': '92'}, 'WindDirection': {'@Unit': 'degree'}, 'WindSpeed': {'@Unit': 'km/h'}, 'Rainfall': {'@Unit': 'mm', '#text': '0.00'}}"
48431,นครราชสีมา,NAKHON RATCHASIMA,นครราชสีมา,"{'@Unit': 'decimal degree', '#text': '14.96830'}","{'@Unit': 'decimal degree', '#text': '102.08603'}","{'@type': 'ObservationToday', 'DateTime': '2025-06-11 07:00', 'MeanSeaLevelPressure': {'@unit': 'mb', '#text': '1004.57'}, 'Temperature': {'@Unit': 'celcius', '#text': '27.5'}, 'MaxTemperature': {'@Unit': 'celcius', '#text': '34.3'}, 'DifferentFromMaxTemperature': {'@Unit': 'celcius', '#text': '-2.4'}, 'MinTemperature': {'@Unit': 'celcius', '#text': '26.9'}, 'DifferentFromMinTemperature': {'@Unit': 'celcius', '#text': '1.1'}, 'RelativeHumidity': {'@Unit': '%', '#text': '82'}, 'WindDirection': {'@Unit': 'degree', '#text': '280'}, 'WindSpeed': {'@Unit': 'km/h', '#text': '3'}, 'Rainfall': {'@Unit': 'mm', '#text': '0.00'}}"
48435,ปากช่อง สกษ.,PAKCHONG AGROMET.,นครราชสีมา,"{'@Unit': 'decimal degree', '#text': '14.64389'}","{'@Unit': 'decimal degree', '#text': '101.33194'}","{'@type': 'ObservationToday', 'DateTime': '2025-06-11 07:00', 'MeanSeaLevelPressure': {'@unit': 'mb', '#text': '1005.23'}, 'Temperature': {'@Unit': 'celcius', '#text': '26.2'}, 'MaxTemperature': {'@Unit': 'celcius', '#text': '32.1'}, 'DifferentFromMaxTemperature': {'@Unit': 'celcius', '#text': '-1.1'}, 'MinTemperature': {'@Unit': 'celcius', '#text': '25.5'}, 'DifferentFromMinTemperature': {'@Unit': 'celcius', '#text': '2.3'}, 'RelativeHumidity': {'@Unit': '%', '#text': '76'}, 'WindDirection': {'@Unit': 'degree', '#text': '250'}, 'WindSpeed': {'@Unit': 'km/h', '#text': '13'}, 'Rainfall': {'@Unit': 'mm', '#text': '0.00'}}"
48434,โชคชัย,CHOK CHAI,นครราชสีมา,"{'@Unit': 'decimal degree', '#text': '14.71889'}","{'@Unit': 'decimal degree', '#text': '102.16861'}","{'@type': 'ObservationToday', 'DateTime': '2025-06-11 07:00', 'MeanSeaLevelPressure': {'@unit': 'mb', '#text': '1004.71'}, 'Temperature': {'@Unit': 'celcius', '#text': '27.0'}, 'MaxTemperature': {'@Unit': 'celcius', '#text': '34.3'}, 'DifferentFromMaxTemperature': {'@Unit': 'celcius', '#text': '-2.7'}, 'MinTemperature': {'@Unit': 'celcius', '#text': '26.3'}, 'DifferentFromMinTemperature': {'@Unit': 'celcius', '#text': '0.6'}, 'RelativeHumidity': {'@Unit': '%', '#text': '84'}, 'WindDirection': {'@Unit': 'degree', '#text': '240'}, 'WindSpeed': {'@Unit': 'km/h', '#text': '4'}, 'Rainfall': {'@Unit': 'mm', '#text': '0.00'}}"
48432,สุรินทร์,SURIN,สุรินทร์,"{'@Unit': 'decimal degree', '#text': '14.88333'}","{'@Unit': 'decimal degree', '#text': '103.50000'}","{'@type': 'ObservationToday', 'DateTime': '2025-06-11 07:00', 'MeanSeaLevelPressure': {'@unit': 'mb', '#text': '1005.31'}, 'Temperature': {'@Unit': 'celcius', '#text': '26.7'}, 'MaxTemperature': {'@Unit': 'celcius', '#text': '34.4'}, 'DifferentFromMaxTemperature': {'@Unit': 'celcius', '#text': '-1.1'}, 'MinTemperature': {'@Unit': 'celcius', '#text': '25.8'}, 'DifferentFromMinTemperature': {'@Unit': 'celcius', '#text': '0.3'}, 'RelativeHumidity': {'@Unit': '%', '#text': '96'}, 'WindDirection': {'@Unit': 'degree', '#text': '000'}, 'WindSpeed': {'@Unit': 'km/h', '#text': '0'}, 'Rainfall': {'@Unit': 'mm', '#text': '2.30'}}"
48433,สุรินทร์ สกษ.,SURIN AGROMET.,สุรินทร์,"{'@Unit': 'decimal degree', '#text': '14.88333'}","{'@Unit': 'decimal degree', '#text': '103.45000'}","{'@type': 'ObservationToday', 'DateTime': '2025-06-11 07:00', 'MeanSeaLevelPressure': {'@unit': 'mb', '#text': '1004.92'}, 'Temperature': {'@Unit': 'celcius', '#text': '26.7'}, 'MaxTemperature': {'@Unit': 'celcius', '#text': '33.9'}, 'DifferentFromMaxTemperature': {'@Unit': 'celcius', '#text': '-1.3'}, 'MinTemperature': {'@Unit': 'celcius', '#text': '26.0'}, 'DifferentFromMinTemperature': {'@Unit': 'celcius', '#text': '0.8'}, 'RelativeHumidity': {'@Unit': '%', '#text': '97'}, 'WindDirection': {'@Unit': 'degree', '#text': '000'}, 'WindSpeed': {'@Unit': 'km/h', '#text': '0'}, 'Rainfall': {'@Unit': 'mm', '#text': '1.40'}}"
48416,ท่าตูม,THA TUM,สุรินทร์,"{'@Unit': 'decimal degree', '#text': '15.31667'}","{'@Unit': 'decimal degree', '#text': '103.68333'}","{'@type': 'ObservationToday', 'DateTime': '2025-06-11 07:00', 'MeanSeaLevelPressure': {'@unit': 'mb', '#text': '1004.29'}, 'Temperature': {'@Unit': 'celcius', '#text': '27.0'}, 'MaxTemperature': {'@Unit': 'celcius', '#text': '34.7'}, 'DifferentFromMaxTemperature': {'@Unit': 'celcius', '#text': '0.5'}, 'MinTemperature': {'@Unit': 'celcius', '#text': '23.5'}, 'DifferentFromMinTemperature': {'@Unit': 'celcius', '#text': '-1.4'}, 'RelativeHumidity': {'@Unit': '%', '#text': '90'}, 'WindDirection': {'@Unit': 'degree', '#text': '120'}, 'WindSpeed': {'@Unit': 'km/h', '#text': '2'}, 'Rainfall': {'@Unit': 'mm', '#text': '24.60'}}"
48437,บุรีรัมย์,BURIRUM,บุรีรัมย์,"{'@Unit': 'decimal degree', '#text': '15.22575'}","{'@Unit': 'decimal degree', '#text': '103.24808'}","{'@type': 'ObservationToday', 'DateTime': '2025-06-11 07:00', 'MeanSeaLevelPressure': {'@unit': 'mb', '#text': '1005.17'}, 'Temperature': {'@Unit': 'celcius', '#text': '25.0'}, 'MaxTemperature': {'@Unit': 'celcius', '#text': '35.5'}, 'DifferentFromMaxTemperature': {'@Unit': 'celcius', '#text': '0.9'}, 'MinTemperature': {'@Unit': 'celcius', '#text': '24.2'}, 'DifferentFromMinTemperature': {'@Unit': 'celcius', '#text': '-0.3'}, 'RelativeHumidity': {'@Unit': '%', '#text': '96'}, 'WindDirection': {'@Unit': 'degree', '#text': '000'}, 'WindSpeed': {'@Unit': 'km/h', '#text': '0'}, 'Rainfall': {'@Unit': 'mm', '#text': '4.40'}}"
48436,นางรอง,NANG RONG,บุรีรัมย์,"{'@Unit': 'decimal degree', '#text': '14.58333'}","{'@Unit': 'decimal degree', '#text': '102.80000'}","{'@type': 'ObservationToday', 'DateTime': '2025-06-11 07:00', 'MeanSeaLevelPressure': {'@unit': 'mb', '#text': '1004.67'}, 'Temperature': {'@Unit': 'celcius', '#text': '26.1'}, 'MaxTemperature': {'@Unit': 'celcius', '#text': '33.6'}, 'DifferentFromMaxTemperature': {'@Unit': 'celcius', '#text': '-1.1'}, 'MinTemperature': {'@Unit': 'celcius', '#text': '25.2'}, 'DifferentFromMinTemperature': {'@Unit': 'celcius', '#text': '1.0'}, 'RelativeHumidity': {'@Unit': '%', '#text': '83'}, 'WindDirection': {'@Unit': 'degree', '#text': '240'}, 'WindSpeed': {'@Unit': 'km/h', '#text': '2'}, 'Rainfall': {'@Unit': 'mm', '#text': '4.00'}}"
48438,สมุทรสงคราม,SAMUTSONGKRAM,สมุทรสงคราม,"{'@Unit': 'decimal degree', '#text': '13.40778'}","{'@Unit': 'decimal degree', '#text': '100.03222'}","{'@type': 'ObservationToday', 'DateTime': '2025-06-11 07:00', 'MeanSeaLevelPressure': {'@unit': 'mb', '#text': '1005.40'}, 'Temperature': {'@Unit': 'celcius', '#text': '28.5'}, 'MaxTemperature': {'@Unit': 'celcius', '#text': '34.2'}, 'DifferentFromMaxTemperature': {'@Unit': 'celcius', '#text': '0.4'}, 'MinTemperature': {'@Unit': 'celcius', '#text': '27.9'}, 'DifferentFromMinTemperature': {'@Unit': 'celcius', '#text': '0.3'}, 'RelativeHumidity': {'@Unit': '%', '#text': '75'}, 'WindDirection': {'@Unit': 'degree', '#text': '280'}, 'WindSpeed': {'@Unit': 'km/h', '#text': '3'}, 'Rainfall': {'@Unit': 'mm', '#text': '0.00'}}"
48462,อรัญประเทศ,ARANYA PRATHET,สระแก้ว,"{'@Unit': 'decimal degree', '#text': '13.70000'}","{'@Unit': 'decimal degree', '#text': '102.58333'}","{'@type': 'ObservationToday', 'DateTime': '2025-06-11 07:00', 'MeanSeaLevelPressure': {'@unit': 'mb', '#text': '1004.93'}, 'Temperature': {'@Unit': 'celcius', '#text': '27.7'}, 'MaxTemperature': {'@Unit': 'celcius', '#text': '34.2'}, 'DifferentFromMaxTemperature': {'@Unit': 'celcius', '#text': '-1.8'}, 'MinTemperature': {'@Unit': 'celcius', '#text': '26.9'}, 'DifferentFromMinTemperature': {'@Unit': 'celcius', '#text': '0.0'}, 'RelativeHumidity': {'@Unit': '%', '#text': '90'}, 'WindDirection': {'@Unit': 'degree', '#text': '000'}, 'WindSpeed': {'@Unit': 'km/h', '#text': '0'}, 'Rainfall': {'@Unit': 'mm', '#text': '2.80'}}"
48440,สระแก้ว,SA KAEW,สระแก้ว,"{'@Unit': 'decimal degree', '#text': '13.78889'}","{'@Unit': 'decimal degree', '#text': '102.03472'}","{'@type': 'ObservationToday', 'DateTime': '2025-06-11 07:00', 'MeanSeaLevelPressure': {'@unit': 'mb', '#text': '1004.98'}, 'Temperature': {'@Unit': 'celcius', '#text': '27.1'}, 'MaxTemperature': {'@Unit': 'celcius', '#text': '33.2'}, 'DifferentFromMaxTemperature': {'@Unit': 'celcius', '#text': '-2.3'}, 'MinTemperature': {'@Unit': 'celcius', '#text': '26.7'}, 'DifferentFromMinTemperature': {'@Unit': 'celcius', '#text': '0.2'}, 'RelativeHumidity': {'@Unit': '%', '#text': '95'}, 'WindDirection': {'@Unit': 'degree', '#text': '000'}, 'WindSpeed': {'@Unit': 'km/h', '#text': '0'}, 'Rainfall': {'@Unit': 'mm', '#text': '1.60'}}"
48450,กาญจนบุรี,KANCHANA BURI,กาญจนบุรี,"{'@Unit': 'decimal degree', '#text': '14.02250'}","{'@Unit': 'decimal degree', '#text': '99.53583'}","{'@type': 'ObservationToday', 'DateTime': '2025-06-11 07:00', 'MeanSeaLevelPressure': {'@unit': 'mb', '#text': '1005.73'}, 'Temperature': {'@Unit': 'celcius', '#text': '28.0'}, 'MaxTemperature': {'@Unit': 'celcius', '#text': '35.1'}, 'DifferentFromMaxTemperature': {'@Unit': 'celcius', '#text': '-0.7'}, 'MinTemperature': {'@Unit': 'celcius', '#text': '25.2'}, 'DifferentFromMinTemperature': {'@Unit': 'celcius', '#text': '0.7'}, 'RelativeHumidity': {'@Unit': '%', '#text': '72'}, 'WindDirection': {'@Unit': 'degree', '#text': '030'}, 'WindSpeed': {'@Unit': 'km/h', '#text': '3'}, 'Rainfall': {'@Unit': 'mm', '#text': '0.00'}}"
48421,ทองผาภูมิ,THONG PHAPHUM,กาญจนบุรี,"{'@Unit': 'decimal degree', '#text': '14.74222'}","{'@Unit': 'decimal degree', '#text': '98.63639'}","{'@type': 'ObservationToday', 'DateTime': '2025-06-11 07:00', 'MeanSeaLevelPressure': {'@unit': 'mb', '#text': '1007.16'}, 'Temperature': {'@Unit': 'celcius', '#text': '25.0'}, 'MaxTemperature': {'@Unit': 'celcius', '#text': '31.8'}, 'DifferentFromMaxTemperature': {'@Unit': 'celcius', '#text': '-2.4'}, 'MinTemperature': {'@Unit': 'celcius', '#text': '24.6'}, 'DifferentFromMinTemperature': {'@Unit': 'celcius', '#text': '-0.5'}, 'RelativeHumidity': {'@Unit': '%', '#text': '94'}, 'WindDirection': {'@Unit': 'degree', '#text': '000'}, 'WindSpeed': {'@Unit': 'km/h', '#text': '0'}, 'Rainfall': {'@Unit': 'mm', '#text': '1.50'}}"
48451,นครปฐม,NAKHONPATHOM,นครปฐม,"{'@Unit': 'decimal degree', '#text': '14.01167'}","{'@Unit': 'decimal degree', '#text': '99.97000'}","{'@type': 'ObservationToday', 'DateTime': '2025-06-11 07:00', 'MeanSeaLevelPressure': {'@unit': 'mb', '#text': '1005.73'}, 'Temperature': {'@Unit': 'celcius', '#text': '27.2'}, 'MaxTemperature': {'@Unit': 'celcius', '#text': '35.0'}, 'DifferentFromMaxTemperature': {'@Unit': 'celcius', '#text': '-0.7'}, 'MinTemperature': {'@Unit': 'celcius', '#text': '26.6'}, 'DifferentFromMinTemperature': {'@Unit': 'celcius', '#text': '0.9'}, 'RelativeHumidity': {'@Unit': '%', '#text': '87'}, 'WindDirection': {'@Unit': 'degree', '#text': '210'}, 'WindSpeed': {'@Unit': 'km/h', '#text': '2'}, 'Rainfall': {'@Unit': 'mm', '#text': '0.00'}}"
48455,กรุงเทพมหานคร,BANGKOK METROPOLIS,กรุงเทพมหานคร,"{'@Unit': 'decimal degree', '#text': '13.72639'}","{'@Unit': 'decimal degree', '#text': '100.56000'}","{'@type': 'ObservationToday', 'DateTime': '2025-06-11 07:00', 'MeanSeaLevelPressure': {'@unit': 'mb', '#text': '1004.99'}, 'Temperature': {'@Unit': 'celcius', '#text': '28.5'}, 'MaxTemperature': {'@Unit': 'celcius', '#text': '34.3'}, 'DifferentFromMaxTemperature': {'@Unit': 'celcius', '#text': '0.8'}, 'MinTemperature': {'@Unit': 'celcius', '#text': '28.2'}, 'DifferentFromMinTemperature': {'@Unit': 'celcius', '#text': '0.3'}, 'RelativeHumidity': {'@Unit': '%', '#text': '76'}, 'WindDirection': {'@Unit': 'degree', '#text': '250'}, 'WindSpeed': {'@Unit': 'km/h', '#text': '3'}, 'Rainfall': {'@Unit': 'mm', '#text': '0.00'}}"
48454,กรุงเทพฯ ท่าเรือคลองเตย,BANGKOK PORT (KLONG TOEI),กรุงเทพมหานคร,"{'@Unit': 'decimal degree', '#text': '13.70694'}","{'@Unit': 'decimal degree', '#text': '100.56805'}","{'@type': 'ObservationToday', 'DateTime': '2025-06-11 07:00', 'MeanSeaLevelPressure': {'@unit': 'mb', '#text': '1005.43'}, 'Temperature': {'@Unit': 'celcius', '#text': '28.7'}, 'MaxTemperature': {'@Unit': 'celcius', '#text': '34.8'}, 'DifferentFromMaxTemperature': {'@Unit': 'celcius', '#text': '1.2'}, 'MinTemperature': {'@Unit': 'celcius', '#text': '28.4'}, 'DifferentFromMinTemperature': {'@Unit': 'celcius', '#text': '0.4'}, 'RelativeHumidity': {'@Unit': '%', '#text': '76'}, 'WindDirection': {'@Unit': 'degree', '#text': '000'}, 'WindSpeed': {'@Unit': 'km/h', '#text': '0'}, 'Rainfall': {'@Unit': 'mm', '#text': '0.00'}}"
48453,กรุงเทพฯ บางนา สกษ.,BANG NA AGROMET.,กรุงเทพมหานคร,"{'@Unit': 'decimal degree', '#text': '13.66639'}","{'@Unit': 'decimal degree', '#text': '100.60611'}","{'@type': 'ObservationToday', 'DateTime': '2025-06-11 07:00', 'MeanSeaLevelPressure': {'@unit': 'mb', '#text': '1005.26'}, 'Temperature': {'@Unit': 'celcius', '#text': '29.2'}, 'MaxTemperature': {'@Unit': 'celcius', '#text': '34.6'}, 'DifferentFromMaxTemperature': {'@Unit': 'celcius', '#text': '1.1'}, 'MinTemperature': {'@Unit': 'celcius', '#text': '28.6'}, 'DifferentFromMinTemperature': {'@Unit': 'celcius', '#text': '0.4'}, 'RelativeHumidity': {'@Unit': '%', '#text': '69'}, 'WindDirection': {'@Unit': 'degree', '#text': '330'}, 'WindSpeed': {'@Unit': 'km/h', '#text': '3'}, 'Rainfall': {'@Unit': 'mm', '#text': '0.00'}}"
48456,สนามบินดอนเมือง,DON MUANG AIRPORT,กรุงเทพมหานคร,"{'@Unit': 'decimal degree', '#text': '13.91917'}","{'@Unit': 'decimal degree', '#text': '100.60500'}","{'@type': 'ObservationToday', 'DateTime': '2025-06-11 07:00', 'MeanSeaLevelPressure': {'@unit': 'mb', '#text': '1006.03'}, 'Temperature': {'@Unit': 'celcius', '#text': '28.8'}, 'MaxTemperature': {'@Unit': 'celcius', '#text': '34.2'}, 'DifferentFromMaxTemperature': {'@Unit': 'celcius', '#text': '1.3'}, 'MinTemperature': {'@Unit': 'celcius', '#text': '28.4'}, 'DifferentFromMinTemperature': {'@Unit': 'celcius', '#text': '0.7'}, 'RelativeHumidity': {'@Unit': '%', '#text': '58'}, 'WindDirection': {'@Unit': 'degree', '#text': '250'}, 'WindSpeed': {'@Unit': 'km/h', '#text': '7'}, 'Rainfall': {'@Unit': 'mm', '#text': '0.00'}}"
48459,ชลบุรี,CHON BURI,ชลบุรี,"{'@Unit': 'decimal degree', '#text': '13.36667'}","{'@Unit': 'decimal degree', '#text': '100.98333'}","{'@type': 'ObservationToday', 'DateTime': '2025-06-11 07:00', 'MeanSeaLevelPressure': {'@unit': 'mb', '#text': '1005.09'}, 'Temperature': {'@Unit': 'celcius', '#text': '29.5'}, 'MaxTemperature': {'@Unit': 'celcius', '#text': '34.1'}, 'DifferentFromMaxTemperature': {'@Unit': 'celcius', '#text': '-0.1'}, 'MinTemperature': {'@Unit': 'celcius', '#text': '27.2'}, 'DifferentFromMinTemperature': {'@Unit': 'celcius', '#text': '0.2'}, 'RelativeHumidity': {'@Unit': '%', '#text': '78'}, 'WindDirection': {'@Unit': 'degree', '#text': '270'}, 'WindSpeed': {'@Unit': 'km/h', '#text': '6'}, 'Rainfall': {'@Unit': 'mm', '#text': '0.00'}}"
48460,เกาะสีชัง,KO SICHANG,ชลบุรี,"{'@Unit': 'decimal degree', '#text': '13.16167'}","{'@Unit': 'decimal degree', '#text': '100.80194'}","{'@type': 'ObservationToday', 'DateTime': '2025-06-11 07:00', 'MeanSeaLevelPressure': {'@unit': 'mb', '#text': '1005.30'}, 'Temperature': {'@Unit': 'celcius', '#text': '29.5'}, 'MaxTemperature': {'@Unit': 'celcius', '#text': '35.2'}, 'DifferentFromMaxTemperature': {'@Unit': 'celcius', '#text': '1.4'}, 'MinTemperature': {'@Unit': 'celcius', '#text': '25.8'}, 'DifferentFromMinTemperature': {'@Unit': 'celcius', '#text': '-0.2'}, 'RelativeHumidity': {'@Unit': '%', '#text': '68'}, 'WindDirection': {'@Unit': 'degree', '#text': '250'}, 'WindSpeed': {'@Unit': 'km/h', '#text': '4'}, 'Rainfall': {'@Unit': 'mm', '#text': '0.00'}}"
48461,พัทยา,PHATTHAYA,ชลบุรี,"{'@Unit': 'decimal degree', '#text': '12.92000'}","{'@Unit': 'decimal degree', '#text': '100.86944'}","{'@type': 'ObservationToday', 'DateTime': '2025-06-11 07:00', 'MeanSeaLevelPressure': {'@unit': 'mb', '#text': '1005.42'}, 'Temperature': {'@Unit': 'celcius', '#text': '29.0'}, 'MaxTemperature': {'@Unit': 'celcius', '#text': '33.0'}, 'DifferentFromMaxTemperature': {'@Unit': 'celcius', '#text': '0.8'}, 'MinTemperature': {'@Unit': 'celcius', '#text': '27.8'}, 'DifferentFromMinTemperature': {'@Unit': 'celcius', '#text': '-0.5'}, 'RelativeHumidity': {'@Unit': '%', '#text': '71'}, 'WindDirection': {'@Unit': 'degree', '#text': '250'}, 'WindSpeed': {'@Unit': 'km/h', '#text': '7'}, 'Rainfall': {'@Unit': 'mm', '#text': '0.00'}}"
48477,สัตหีบ,SATTAHIP,ชลบุรี,"{'@Unit': 'decimal degree', '#text': '12.68333'}","{'@Unit': 'decimal degree', '#text': '100.98333'}","{'@type': 'ObservationToday', 'DateTime': '2025-06-11 07:00', 'MeanSeaLevelPressure': {'@unit': 'mb', '#text': '1005.17'}, 'Temperature': {'@Unit': 'celcius', '#text': '29.0'}, 'MaxTemperature': {'@Unit': 'celcius', '#text': '33.5'}, 'DifferentFromMaxTemperature': {'@Unit': 'celcius', '#text': '0.2'}, 'MinTemperature': {'@Unit': 'celcius', '#text': '28.4'}, 'DifferentFromMinTemperature': {'@Unit': 'celcius', '#text': '0.4'}, 'RelativeHumidity': {'@Unit': '%', '#text': '74'}, 'WindDirection': {'@Unit': 'degree', '#text': '250'}, 'WindSpeed': {'@Unit': 'km/h', '#text': '6'}, 'Rainfall': {'@Unit': 'mm', '#text': '0.00'}}"
48463,แหลมฉบัง,LAEM CHABANG,ชลบุรี,"{'@Unit': 'decimal degree', '#text': '13.07694'}","{'@Unit': 'decimal degree', '#text': '100.87583'}","{'@type': 'ObservationToday', 'DateTime': '2025-06-11 07:00', 'MeanSeaLevelPressure': {'@unit': 'mb', '#text': '1006.26'}, 'Temperature': {'@Unit': 'celcius', '#text': '28.5'}, 'MaxTemperature': {'@Unit': 'celcius', '#text': '32.5'}, 'DifferentFromMaxTemperature': {'@Unit': 'celcius', '#text': '0.1'}, 'MinTemperature': {'@Unit': 'celcius', '#text': '27.8'}, 'DifferentFromMinTemperature': {'@Unit': 'celcius', '#text': '-0.7'}, 'RelativeHumidity': {'@Unit': '%', '#text': '72'}, 'WindDirection': {'@Unit': 'degree', '#text': '290'}, 'WindSpeed': {'@Unit': 'km/h', '#text': '7'}, 'Rainfall': {'@Unit': 'mm', '#text': '0.00'}}"
48465,เพชรบุรี,PHETCHA BURI,เพชรบุรี,"{'@Unit': 'decimal degree', '#text': '12.99944'}","{'@Unit': 'decimal degree', '#text': '100.06056'}","{'@type': 'ObservationToday', 'DateTime': '2025-06-11 07:00', 'MeanSeaLevelPressure': {'@unit': 'mb', '#text': '1005.82'}, 'Temperature': {'@Unit': 'celcius', '#text': '28.0'}, 'MaxTemperature': {'@Unit': 'celcius', '#text': '32.8'}, 'DifferentFromMaxTemperature': {'@Unit': 'celcius', '#text': '-0.4'}, 'MinTemperature': {'@Unit': 'celcius', '#text': '24.5'}, 'DifferentFromMinTemperature': {'@Unit': 'celcius', '#text': '-0.9'}, 'RelativeHumidity': {'@Unit': '%', '#text': '70'}, 'WindDirection': {'@Unit': 'degree'}, 'WindSpeed': {'@Unit': 'km/h'}, 'Rainfall': {'@Unit': 'mm', '#text': '0.00'}}"
48478,ระยอง,RAYONG,ระยอง,"{'@Unit': 'decimal degree', '#text': '12.63222'}","{'@Unit': 'decimal degree', '#text': '101.34361'}","{'@type': 'ObservationToday', 'DateTime': '2025-06-11 07:00', 'MeanSeaLevelPressure': {'@unit': 'mb', '#text': '1005.74'}, 'Temperature': {'@Unit': 'celcius', '#text': '29.6'}, 'MaxTemperature': {'@Unit': 'celcius', '#text': '32.5'}, 'DifferentFromMaxTemperature': {'@Unit': 'celcius', '#text': '0.5'}, 'MinTemperature': {'@Unit': 'celcius', '#text': '29.4'}, 'DifferentFromMinTemperature': {'@Unit': 'celcius', '#text': '-0.1'}, 'RelativeHumidity': {'@Unit': '%', '#text': '74'}, 'WindDirection': {'@Unit': 'degree', '#text': '270'}, 'WindSpeed': {'@Unit': 'km/h', '#text': '10'}, 'Rainfall': {'@Unit': 'mm', '#text': '0.00'}}"
48479,ห้วยโป่ง สกษ.,HUAI PONG AGROMET.,ระยอง,"{'@Unit': 'decimal degree', '#text': '12.73500'}","{'@Unit': 'decimal degree', '#text': '101.13500'}","{'@type': 'ObservationToday', 'DateTime': '2025-06-11 07:00', 'MeanSeaLevelPressure': {'@unit': 'mb', '#text': '1005.14'}, 'Temperature': {'@Unit': 'celcius', '#text': '28.0'}, 'MaxTemperature': {'@Unit': 'celcius', '#text': '33.5'}, 'DifferentFromMaxTemperature': {'@Unit': 'celcius', '#text': '0.9'}, 'MinTemperature': {'@Unit': 'celcius', '#text': '27.5'}, 'DifferentFromMinTemperature': {'@Unit': 'celcius', '#text': '0.8'}, 'RelativeHumidity': {'@Unit': '%', '#text': '81'}, 'WindDirection': {'@Unit': 'degree', '#text': '240'}, 'WindSpeed': {'@Unit': 'km/h', '#text': '3'}, 'Rainfall': {'@Unit': 'mm', '#text': '0.00'}}"
48480,จันทบุรี,CHANTHA BURI,จันทบุรี,"{'@Unit': 'decimal degree', '#text': '12.61667'}","{'@Unit': 'decimal degree', '#text': '102.11333'}","{'@type': 'ObservationToday', 'DateTime': '2025-06-11 07:00', 'MeanSeaLevelPressure': {'@unit': 'mb', '#text': '1005.47'}, 'Temperature': {'@Unit': 'celcius', '#text': '26.9'}, 'MaxTemperature': {'@Unit': 'celcius', '#text': '32.5'}, 'DifferentFromMaxTemperature': {'@Unit': 'celcius', '#text': '1.2'}, 'MinTemperature': {'@Unit': 'celcius', '#text': '25.0'}, 'DifferentFromMinTemperature': {'@Unit': 'celcius', '#text': '-2.4'}, 'RelativeHumidity': {'@Unit': '%', '#text': '94'}, 'WindDirection': {'@Unit': 'degree', '#text': '000'}, 'WindSpeed': {'@Unit': 'km/h', '#text': '0'}, 'Rainfall': {'@Unit': 'mm', '#text': '55.70'}}"
48481,พลิ้ว สกษ.,PHLIU  AGROMET.,จันทบุรี,"{'@Unit': 'decimal degree', '#text': '12.50861'}","{'@Unit': 'decimal degree', '#text': '102.17305'}","{'@type': 'ObservationToday', 'DateTime': '2025-06-11 07:00', 'MeanSeaLevelPressure': {'@unit': 'mb', '#text': '1005.59'}, 'Temperature': {'@Unit': 'celcius', '#text': '25.0'}, 'MaxTemperature': {'@Unit': 'celcius', '#text': '31.8'}, 'DifferentFromMaxTemperature': {'@Unit': 'celcius', '#text': '0.8'}, 'MinTemperature': {'@Unit': 'celcius', '#text': '24.5'}, 'DifferentFromMinTemperature': {'@Unit': 'celcius', '#text': '-1.0'}, 'RelativeHumidity': {'@Unit': '%', '#text': '97'}, 'WindDirection': {'@Unit': 'degree', '#text': '220'}, 'WindSpeed': {'@Unit': 'km/h', '#text': '2'}, 'Rainfall': {'@Unit': 'mm', '#text': '36.00'}}"
48500,ประจวบคีรีขันธ์,PRACHUAP KHIRIKHAN,ประจวบคีรีขันธ์,"{'@Unit': 'decimal degree', '#text': '11.83333'}","{'@Unit': 'decimal degree', '#text': '99.83333'}","{'@type': 'ObservationToday', 'DateTime': '2025-06-11 07:00', 'MeanSeaLevelPressure': {'@unit': 'mb', '#text': '1006.00'}, 'Temperature': {'@Unit': 'celcius', '#text': '27.2'}, 'MaxTemperature': {'@Unit': 'celcius', '#text': '32.8'}, 'DifferentFromMaxTemperature': {'@Unit': 'celcius', '#text': '-2.3'}, 'MinTemperature': {'@Unit': 'celcius', '#text': '26.4'}, 'DifferentFromMinTemperature': {'@Unit': 'celcius', '#text': '-0.3'}, 'RelativeHumidity': {'@Unit': '%', '#text': '77'}, 'WindDirection': {'@Unit': 'degree', '#text': '270'}, 'WindSpeed': {'@Unit': 'km/h', '#text': '6'}, 'Rainfall': {'@Unit': 'mm', '#text': '0.00'}}"
48475,หัวหิน,HUA HIN,ประจวบคีรีขันธ์,"{'@Unit': 'decimal degree', '#text': '12.58611'}","{'@Unit': 'decimal degree', '#text': '99.96250'}","{'@type': 'ObservationToday', 'DateTime': '2025-06-11 07:00', 'MeanSeaLevelPressure': {'@unit': 'mb', '#text': '1006.18'}, 'Temperature': {'@Unit': 'celcius', '#text': '27.8'}, 'MaxTemperature': {'@Unit': 'celcius', '#text': '35.4'}, 'DifferentFromMaxTemperature': {'@Unit': 'celcius', '#text': '-1.4'}, 'MinTemperature': {'@Unit': 'celcius', '#text': '27.3'}, 'DifferentFromMinTemperature': {'@Unit': 'celcius', '#text': '0.1'}, 'RelativeHumidity': {'@Unit': '%', '#text': '79'}, 'WindDirection': {'@Unit': 'degree', '#text': '180'}, 'WindSpeed': {'@Unit': 'km/h', '#text': '2'}, 'Rainfall': {'@Unit': 'mm', '#text': '0.00'}}"
48474,หนองพลับ สกษ.,NONG PHLUB AGROMET.,ประจวบคีรีขันธ์,"{'@Unit': 'decimal degree', '#text': '12.58333'}","{'@Unit': 'decimal degree', '#text': '99.73333'}","{'@type': 'ObservationToday', 'DateTime': '2025-06-11 07:00', 'MeanSeaLevelPressure': {'@unit': 'mb', '#text': '1006.30'}, 'Temperature': {'@Unit': 'celcius', '#text': '25.5'}, 'MaxTemperature': {'@Unit': 'celcius', '#text': '33.5'}, 'DifferentFromMaxTemperature': {'@Unit': 'celcius', '#text': '-4.0'}, 'MinTemperature': {'@Unit': 'celcius', '#text': '25.0'}, 'DifferentFromMinTemperature': {'@Unit': 'celcius', '#text': '0.4'}, 'RelativeHumidity': {'@Unit': '%', '#text': '88'}, 'WindDirection': {'@Unit': 'degree', '#text': '000'}, 'WindSpeed': {'@Unit': 'km/h', '#text': '0'}, 'Rainfall': {'@Unit': 'mm', '#text': '0.00'}}"
48501,ตราด,TRAD,ตราด,"{'@Unit': 'decimal degree', '#text': '11.76667'}","{'@Unit': 'decimal degree', '#text': '102.88333'}","{'@type': 'ObservationToday', 'DateTime': '2025-06-11 07:00', 'MeanSeaLevelPressure': {'@unit': 'mb', '#text': '1005.88'}, 'Temperature': {'@Unit': 'celcius', '#text': '26.3'}, 'MaxTemperature': {'@Unit': 'celcius', '#text': '32.2'}, 'DifferentFromMaxTemperature': {'@Unit': 'celcius', '#text': '1.6'}, 'MinTemperature': {'@Unit': 'celcius', '#text': '25.5'}, 'DifferentFromMinTemperature': {'@Unit': 'celcius', '#text': '0.4'}, 'RelativeHumidity': {'@Unit': '%', '#text': '93'}, 'WindDirection': {'@Unit': 'degree', '#text': '320'}, 'WindSpeed': {'@Unit': 'km/h', '#text': '8'}, 'Rainfall': {'@Unit': 'mm', '#text': '21.90'}}"
48517,ชุมพร,CHUMPHON,ชุมพร,"{'@Unit': 'decimal degree', '#text': '10.49875'}","{'@Unit': 'decimal degree', '#text': '99.18847'}","{'@type': 'ObservationToday', 'DateTime': '2025-06-11 07:00', 'MeanSeaLevelPressure': {'@unit': 'mb', '#text': '1005.94'}, 'Temperature': {'@Unit': 'celcius', '#text': '26.4'}, 'MaxTemperature': {'@Unit': 'celcius', '#text': '32.1'}, 'DifferentFromMaxTemperature': {'@Unit': 'celcius', '#text': '-0.2'}, 'MinTemperature': {'@Unit': 'celcius', '#text': '26.2'}, 'DifferentFromMinTemperature': {'@Unit': 'celcius', '#text': '1.2'}, 'RelativeHumidity': {'@Unit': '%', '#text': '92'}, 'WindDirection': {'@Unit': 'degree', '#text': '000'}, 'WindSpeed': {'@Unit': 'km/h', '#text': '0'}, 'Rainfall': {'@Unit': 'mm', '#text': '11.30'}}"
48520,สวี สกษ.,SAWI AGROMET.,ชุมพร,"{'@Unit': 'decimal degree', '#text': '10.33333'}","{'@Unit': 'decimal degree', '#text': '99.10000'}","{'@type': 'ObservationToday', 'DateTime': '2025-06-11 07:00', 'MeanSeaLevelPressure': {'@unit': 'mb', '#text': '1005.99'}, 'Temperature': {'@Unit': 'celcius', '#text': '27.1'}, 'MaxTemperature': {'@Unit': 'celcius', '#text': '32.8'}, 'DifferentFromMaxTemperature': {'@Unit': 'celcius', '#text': '0.5'}, 'MinTemperature': {'@Unit': 'celcius', '#text': '26.4'}, 'DifferentFromMinTemperature': {'@Unit': 'celcius', '#text': '2.3'}, 'RelativeHumidity': {'@Unit': '%', '#text': '88'}, 'WindDirection': {'@Unit': 'degree', '#text': '000'}, 'WindSpeed': {'@Unit': 'km/h', '#text': '0'}, 'Rainfall': {'@Unit': 'mm', '#text': '2.20'}}"
48532,ระนอง,RANONG,ระนอง,"{'@Unit': 'decimal degree', '#text': '9.98333'}","{'@Unit': 'decimal degree', '#text': '98.61667'}","{'@type': 'ObservationToday', 'DateTime': '2025-06-11 07:00', 'MeanSeaLevelPressure': {'@unit': 'mb', '#text': '1007.01'}, 'Temperature': {'@Unit': 'celcius', '#text': '27.3'}, 'MaxTemperature': {'@Unit': 'celcius', '#text': '29.4'}, 'DifferentFromMaxTemperature': {'@Unit': 'celcius', '#text': '-1.6'}, 'MinTemperature': {'@Unit': 'celcius', '#text': '26.0'}, 'DifferentFromMinTemperature': {'@Unit': 'celcius', '#text': '2.1'}, 'RelativeHumidity': {'@Unit': '%', '#text': '86'}, 'WindDirection': {'@Unit': 'degree', '#text': '200'}, 'WindSpeed': {'@Unit': 'km/h', '#text': '4'}, 'Rainfall': {'@Unit': 'mm', '#text': '21.50'}}"
48551,สุราษฎร์ธานี,SURAT THANI,สุราษฎร์ธานี,"{'@Unit': 'decimal degree', '#text': '9.13556'}","{'@Unit': 'decimal degree', '#text': '99.15194'}","{'@type': 'ObservationToday', 'DateTime': '2025-06-11 07:00', 'MeanSeaLevelPressure': {'@unit': 'mb', '#text': '1007.64'}, 'Temperature': {'@Unit': 'celcius', '#text': '24.5'}, 'MaxTemperature': {'@Unit': 'celcius', '#text': '32.0'}, 'DifferentFromMaxTemperature': {'@Unit': 'celcius', '#text': '-2.3'}, 'MinTemperature': {'@Unit': 'celcius', '#text': '24.5'}, 'DifferentFromMinTemperature': {'@Unit': 'celcius', '#text': '0.3'}, 'RelativeHumidity': {'@Unit': '%', '#text': '95'}, 'WindDirection': {'@Unit': 'degree', '#text': '000'}, 'WindSpeed': {'@Unit': 'km/h', '#text': '0'}, 'Rainfall': {'@Unit': 'mm', '#text': '0.00'}}"
48550,เกาะสมุย,KO SAMUI,สุราษฎร์ธานี,"{'@Unit': 'decimal degree', '#text': '9.46667'}","{'@Unit': 'decimal degree', '#text': '100.05000'}","{'@type': 'ObservationToday', 'DateTime': '2025-06-11 07:00', 'MeanSeaLevelPressure': {'@unit': 'mb', '#text': '1006.06'}, 'Temperature': {'@Unit': 'celcius', '#text': '28.3'}, 'MaxTemperature': {'@Unit': 'celcius', '#text': '33.0'}, 'DifferentFromMaxTemperature': {'@Unit': 'celcius', '#text': '-1.7'}, 'MinTemperature': {'@Unit': 'celcius', '#text': '27.5'}, 'DifferentFromMinTemperature': {'@Unit': 'celcius', '#text': '1.2'}, 'RelativeHumidity': {'@Unit': '%', '#text': '79'}, 'WindDirection': {'@Unit': 'degree', '#text': '250'}, 'WindSpeed': {'@Unit': 'km/h', '#text': '3'}, 'Rainfall': {'@Unit': 'mm', '#text': '0.00'}}"
48555,สุราษฎร์ธานี สกษ.,SURAT THANI AGROMET.,สุราษฎร์ธานี,"{'@Unit': 'decimal degree', '#text': '9.10000'}","{'@Unit': 'decimal degree', '#text': '99.63333'}","{'@type': 'ObservationToday', 'DateTime': '2025-06-11 07:00', 'MeanSeaLevelPressure': {'@unit': 'mb', '#text': '1007.69'}, 'Temperature': {'@Unit': 'celcius', '#text': '26.5'}, 'MaxTemperature': {'@Unit': 'celcius', '#text': '31.5'}, 'DifferentFromMaxTemperature': {'@Unit': 'celcius', '#text': '-1.7'}, 'MinTemperature': {'@Unit': 'celcius', '#text': '26.0'}, 'DifferentFromMinTemperature': {'@Unit': 'celcius', '#text': '1.2'}, 'RelativeHumidity': {'@Unit': '%', '#text': '96'}, 'WindDirection': {'@Unit': 'degree', '#text': '000'}, 'WindSpeed': {'@Unit': 'km/h', '#text': '0'}, 'Rainfall': {'@Unit': 'mm', '#text': '5.90'}}"
48556,พระแสง สอท.,PHRA SANG,สุราษฎร์ธานี,"{'@Unit': 'decimal degree', '#text': '8.57022'}","{'@Unit': 'decimal degree', '#text': '99.25825'}","{'@type': 'ObservationToday', 'DateTime': '2025-06-11 07:00', 'MeanSeaLevelPressure': {'@unit': 'mb', '#text': '1007.19'}, 'Temperature': {'@Unit': 'celcius', '#text': '24.6'}, 'MaxTemperature': {'@Unit': 'celcius', '#text': '31.3'}, 'DifferentFromMaxTemperature': {'@Unit': 'celcius', '#text': '-1.2'}, 'MinTemperature': {'@Unit': 'celcius', '#text': '24.1'}, 'DifferentFromMinTemperature': {'@Unit': 'celcius', '#text': '0.3'}, 'RelativeHumidity': {'@Unit': '%', '#text': '96'}, 'WindDirection': {'@Unit': 'degree', '#text': '000'}, 'WindSpeed': {'@Unit': 'km/h', '#text': '0'}, 'Rainfall': {'@Unit': 'mm', '#text': '8.10'}}"
48552,นครศรีธรรมราช,NAKHONSI THAMMARAT,นครศรีธรรมราช,"{'@Unit': 'decimal degree', '#text': '8.53778'}","{'@Unit': 'decimal degree', '#text': '99.94722'}","{'@type': 'ObservationToday', 'DateTime': '2025-06-11 07:00', 'MeanSeaLevelPressure': {'@unit': 'mb', '#text': '1006.07'}, 'Temperature': {'@Unit': 'celcius', '#text': '26.0'}, 'MaxTemperature': {'@Unit': 'celcius', '#text': '31.4'}, 'DifferentFromMaxTemperature': {'@Unit': 'celcius', '#text': '-2.1'}, 'MinTemperature': {'@Unit': 'celcius', '#text': '25.0'}, 'DifferentFromMinTemperature': {'@Unit': 'celcius', '#text': '-0.5'}, 'RelativeHumidity': {'@Unit': '%', '#text': '92'}, 'WindDirection': {'@Unit': 'degree', '#text': '000'}, 'WindSpeed': {'@Unit': 'km/h', '#text': '0'}, 'Rainfall': {'@Unit': 'mm', '#text': '1.30'}}"
48554,นครศรีธรรมราช สกษ.,NAKHONSI THAMMARAT AGROMET.,นครศรีธรรมราช,"{'@Unit': 'decimal degree', '#text': '8.35931'}","{'@Unit': 'decimal degree', '#text': '100.00000'}","{'@type': 'ObservationToday', 'DateTime': '2025-06-11 07:00', 'MeanSeaLevelPressure': {'@unit': 'mb', '#text': '1006.51'}, 'Temperature': {'@Unit': 'celcius', '#text': '25.8'}, 'MaxTemperature': {'@Unit': 'celcius', '#text': '31.7'}, 'DifferentFromMaxTemperature': {'@Unit': 'celcius', '#text': '-2.4'}, 'MinTemperature': {'@Unit': 'celcius', '#text': '25.4'}, 'DifferentFromMinTemperature': {'@Unit': 'celcius', '#text': '0.4'}, 'RelativeHumidity': {'@Unit': '%', '#text': '89'}, 'WindDirection': {'@Unit': 'degree', '#text': '230'}, 'WindSpeed': {'@Unit': 'km/h', '#text': '4'}, 'Rainfall': {'@Unit': 'mm', '#text': '0.00'}}"
48557,ฉวาง,CHAWANG,นครศรีธรรมราช,"{'@Unit': 'decimal degree', '#text': '8.42472'}","{'@Unit': 'decimal degree', '#text': '99.50667'}","{'@type': 'ObservationToday', 'DateTime': '2025-06-11 07:00', 'MeanSeaLevelPressure': {'@unit': 'mb', '#text': '1007.46'}, 'Temperature': {'@Unit': 'celcius', '#text': '24.4'}, 'MaxTemperature': {'@Unit': 'celcius', '#text': '29.2'}, 'DifferentFromMaxTemperature': {'@Unit': 'celcius', '#text': '-3.5'}, 'MinTemperature': {'@Unit': 'celcius', '#text': '24.3'}, 'DifferentFromMinTemperature': {'@Unit': 'celcius', '#text': '0.1'}, 'RelativeHumidity': {'@Unit': '%', '#text': '97'}, 'WindDirection': {'@Unit': 'degree', '#text': '000'}, 'WindSpeed': {'@Unit': 'km/h', '#text': '0'}, 'Rainfall': {'@Unit': 'mm', '#text': '7.10'}}"
48560,พัทลุง สกษ.,PHATTHALUNG AGROMET.,พัทลุง,"{'@Unit': 'decimal degree', '#text': '7.58333'}","{'@Unit': 'decimal degree', '#text': '100.16667'}","{'@type': 'ObservationToday', 'DateTime': '2025-06-11 07:00', 'MeanSeaLevelPressure': {'@unit': 'mb', '#text': '1006.37'}, 'Temperature': {'@Unit': 'celcius', '#text': '26.0'}, 'MaxTemperature': {'@Unit': 'celcius', '#text': '31.2'}, 'DifferentFromMaxTemperature': {'@Unit': 'celcius', '#text': '-2.1'}, 'MinTemperature': {'@Unit': 'celcius', '#text': '25.6'}, 'DifferentFromMinTemperature': {'@Unit': 'celcius', '#text': '0.1'}, 'RelativeHumidity': {'@Unit': '%', '#text': '93'}, 'WindDirection': {'@Unit': 'degree', '#text': '310'}, 'WindSpeed': {'@Unit': 'km/h', '#text': '4'}, 'Rainfall': {'@Unit': 'mm', '#text': '0.80'}}"
48561,ตะกั่วป่า,TAKUA PA,พังงา,"{'@Unit': 'decimal degree', '#text': '8.68417'}","{'@Unit': 'decimal degree', '#text': '98.25222'}","{'@type': 'ObservationToday', 'DateTime': '2025-06-11 07:00', 'MeanSeaLevelPressure': {'@unit': 'mb', '#text': '1006.76'}, 'Temperature': {'@Unit': 'celcius', '#text': '28.5'}, 'MaxTemperature': {'@Unit': 'celcius', '#text': '32.0'}, 'DifferentFromMaxTemperature': {'@Unit': 'celcius', '#text': '-0.5'}, 'MinTemperature': {'@Unit': 'celcius', '#text': '26.5'}, 'DifferentFromMinTemperature': {'@Unit': 'celcius', '#text': '2.5'}, 'RelativeHumidity': {'@Unit': '%', '#text': '78'}, 'WindDirection': {'@Unit': 'degree', '#text': '240'}, 'WindSpeed': {'@Unit': 'km/h', '#text': '6'}, 'Rainfall': {'@Unit': 'mm', '#text': '8.00'}}"
48564,ภูเก็ต,PHUKET,ภูเก็ต,"{'@Unit': 'decimal degree', '#text': '7.88333'}","{'@Unit': 'decimal degree', '#text': '98.40000'}","{'@type': 'ObservationToday', 'DateTime': '2025-06-11 07:00', 'MeanSeaLevelPressure': {'@unit': 'mb', '#text': '1006.60'}, 'Temperature': {'@Unit': 'celcius', '#text': '28.2'}, 'MaxTemperature': {'@Unit': 'celcius', '#text': '30.5'}, 'DifferentFromMaxTemperature': {'@Unit': 'celcius', '#text': '-2.0'}, 'MinTemperature': {'@Unit': 'celcius', '#text': '26.8'}, 'DifferentFromMinTemperature': {'@Unit': 'celcius', '#text': '1.8'}, 'RelativeHumidity': {'@Unit': '%', '#text': '83'}, 'WindDirection': {'@Unit': 'degree', '#text': '000'}, 'WindSpeed': {'@Unit': 'km/h', '#text': '0'}, 'Rainfall': {'@Unit': 'mm', '#text': '44.90'}}"
48565,ภูเก็ต (ศูนย์ฯ),PHUKET AIRPORT,ภูเก็ต,"{'@Unit': 'decimal degree', '#text': '8.14500'}","{'@Unit': 'decimal degree', '#text': '98.31444'}","{'@type': 'ObservationToday', 'DateTime': '2025-06-11 07:00', 'MeanSeaLevelPressure': {'@unit': 'mb', '#text': '1006.25'}, 'Temperature': {'@Unit': 'celcius', '#text': '29.2'}, 'MaxTemperature': {'@Unit': 'celcius', '#text': '31.4'}, 'DifferentFromMaxTemperature': {'@Unit': 'celcius', '#text': '-0.3'}, 'MinTemperature': {'@Unit': 'celcius', '#text': '28.3'}, 'DifferentFromMinTemperature': {'@Unit': 'celcius', '#text': '3.2'}, 'RelativeHumidity': {'@Unit': '%', '#text': '77'}, 'WindDirection': {'@Unit': 'degree', '#text': '260'}, 'WindSpeed': {'@Unit': 'km/h', '#text': '6'}, 'Rainfall': {'@Unit': 'mm', '#text': '25.00'}}"
48566,เกาะลันตา,KO LANTA,กระบี่,"{'@Unit': 'decimal degree', '#text': '7.53333'}","{'@Unit': 'decimal degree', '#text': '99.05000'}","{'@type': 'ObservationToday', 'DateTime': '2025-06-11 07:00', 'MeanSeaLevelPressure': {'@unit': 'mb', '#text': '1006.71'}, 'Temperature': {'@Unit': 'celcius', '#text': '28.6'}, 'MaxTemperature': {'@Unit': 'celcius', '#text': '29.2'}, 'DifferentFromMaxTemperature': {'@Unit': 'celcius', '#text': '-1.9'}, 'MinTemperature': {'@Unit': 'celcius', '#text': '24.2'}, 'DifferentFromMinTemperature': {'@Unit': 'celcius', '#text': '-2.6'}, 'RelativeHumidity': {'@Unit': '%', '#text': '86'}, 'WindDirection': {'@Unit': 'degree', '#text': '270'}, 'WindSpeed': {'@Unit': 'km/h', '#text': '11'}, 'Rainfall': {'@Unit': 'mm', '#text': '16.10'}}"
48563,กระบี่,KRABI,กระบี่,"{'@Unit': 'decimal degree', '#text': '8.10361'}","{'@Unit': 'decimal degree', '#text': '98.97528'}","{'@type': 'ObservationToday', 'DateTime': '2025-06-11 07:00', 'MeanSeaLevelPressure': {'@unit': 'mb', '#text': '1006.83'}, 'Temperature': {'@Unit': 'celcius', '#text': '25.0'}, 'MaxTemperature': {'@Unit': 'celcius', '#text': '30.0'}, 'DifferentFromMaxTemperature': {'@Unit': 'celcius', '#text': '-1.1'}, 'MinTemperature': {'@Unit': 'celcius'}, 'DifferentFromMinTemperature': {'@Unit': 'celcius', '#text': '0.0'}, 'RelativeHumidity': {'@Unit': '%', '#text': '98'}, 'WindDirection': {'@Unit': 'degree', '#text': '000'}, 'WindSpeed': {'@Unit': 'km/h', '#text': '0'}, 'Rainfall': {'@Unit': 'mm', '#text': '10.00'}}"
48567,ตรัง,TRANG AIRPORT,ตรัง,"{'@Unit': 'decimal degree', '#text': '7.51667'}","{'@Unit': 'decimal degree', '#text': '99.61667'}","{'@type': 'ObservationToday', 'DateTime': '2025-06-11 07:00', 'MeanSeaLevelPressure': {'@unit': 'mb', '#text': '1006.93'}, 'Temperature': {'@Unit': 'celcius', '#text': '25.2'}, 'MaxTemperature': {'@Unit': 'celcius', '#text': '29.4'}, 'DifferentFromMaxTemperature': {'@Unit': 'celcius', '#text': '-3.1'}, 'MinTemperature': {'@Unit': 'celcius', '#text': '24.9'}, 'DifferentFromMinTemperature': {'@Unit': 'celcius', '#text': '-0.1'}, 'RelativeHumidity': {'@Unit': '%', '#text': '96'}, 'WindDirection': {'@Unit': 'degree', '#text': '000'}, 'WindSpeed': {'@Unit': 'km/h', '#text': '0'}, 'Rainfall': {'@Unit': 'mm', '#text': '19.50'}}"
48571,คอหงษ์ สกษ.,KHO HONG AGROMET.,สงขลา,"{'@Unit': 'decimal degree', '#text': '7.00000'}","{'@Unit': 'decimal degree', '#text': '100.50000'}","{'@type': 'ObservationToday', 'DateTime': '2025-06-11 07:00', 'MeanSeaLevelPressure': {'@unit': 'mb', '#text': '1006.35'}, 'Temperature': {'@Unit': 'celcius', '#text': '26.4'}, 'MaxTemperature': {'@Unit': 'celcius', '#text': '34.0'}, 'DifferentFromMaxTemperature': {'@Unit': 'celcius', '#text': '0.3'}, 'MinTemperature': {'@Unit': 'celcius', '#text': '25.3'}, 'DifferentFromMinTemperature': {'@Unit': 'celcius', '#text': '0.4'}, 'RelativeHumidity': {'@Unit': '%', '#text': '92'}, 'WindDirection': {'@Unit': 'degree', '#text': '000'}, 'WindSpeed': {'@Unit': 'km/h', '#text': '0'}, 'Rainfall': {'@Unit': 'mm', '#text': '0.00'}}"
48574,สะเดา,SA DAO,สงขลา,"{'@Unit': 'decimal degree', '#text': '6.79806'}","{'@Unit': 'decimal degree', '#text': '100.39056'}","{'@type': 'ObservationToday', 'DateTime': '2025-06-11 07:00', 'MeanSeaLevelPressure': {'@unit': 'mb', '#text': '1006.68'}, 'Temperature': {'@Unit': 'celcius', '#text': '24.7'}, 'MaxTemperature': {'@Unit': 'celcius', '#text': '31.2'}, 'DifferentFromMaxTemperature': {'@Unit': 'celcius', '#text': '-1.0'}, 'MinTemperature': {'@Unit': 'celcius', '#text': '24.3'}, 'DifferentFromMinTemperature': {'@Unit': 'celcius', '#text': '0.3'}, 'RelativeHumidity': {'@Unit': '%', '#text': '96'}, 'WindDirection': {'@Unit': 'degree', '#text': '000'}, 'WindSpeed': {'@Unit': 'km/h', '#text': '0'}, 'Rainfall': {'@Unit': 'mm', '#text': '0.00'}}"
48568,สงขลา,SONGKHLA,สงขลา,"{'@Unit': 'decimal degree', '#text': '7.18211'}","{'@Unit': 'decimal degree', '#text': '100.60769'}","{'@type': 'ObservationToday', 'DateTime': '2025-06-11 07:00', 'MeanSeaLevelPressure': {'@unit': 'mb', '#text': '1006.49'}, 'Temperature': {'@Unit': 'celcius', '#text': '27.0'}, 'MaxTemperature': {'@Unit': 'celcius', '#text': '32.4'}, 'DifferentFromMaxTemperature': {'@Unit': 'celcius', '#text': '-1.5'}, 'MinTemperature': {'@Unit': 'celcius', '#text': '25.6'}, 'DifferentFromMinTemperature': {'@Unit': 'celcius', '#text': '-0.1'}, 'RelativeHumidity': {'@Unit': '%', '#text': '89'}, 'WindDirection': {'@Unit': 'degree', '#text': '210'}, 'WindSpeed': {'@Unit': 'km/h', '#text': '1'}, 'Rainfall': {'@Unit': 'mm', '#text': '5.00'}}"
48569,หาดใหญ่,HAT YAI AIRPORT,สงขลา,"{'@Unit': 'decimal degree', '#text': '6.91667'}","{'@Unit': 'decimal degree', '#text': '100.43333'}","{'@type': 'ObservationToday', 'DateTime': '2025-06-11 07:00', 'MeanSeaLevelPressure': {'@unit': 'mb', '#text': '1006.79'}, 'Temperature': {'@Unit': 'celcius', '#text': '25.4'}, 'MaxTemperature': {'@Unit': 'celcius', '#text': '30.9'}, 'DifferentFromMaxTemperature': {'@Unit': 'celcius', '#text': '-2.0'}, 'MinTemperature': {'@Unit': 'celcius', '#text': '24.3'}, 'DifferentFromMinTemperature': {'@Unit': 'celcius', '#text': '0.3'}, 'RelativeHumidity': {'@Unit': '%', '#text': '95'}, 'WindDirection': {'@Unit': 'degree', '#text': '990'}, 'WindSpeed': {'@Unit': 'km/h', '#text': '2'}, 'Rainfall': {'@Unit': 'mm', '#text': '12.00'}}"
48570,สตูล,SATUN,สตูล,"{'@Unit': 'decimal degree', '#text': '6.65000'}","{'@Unit': 'decimal degree', '#text': '100.08333'}","{'@type': 'ObservationToday', 'DateTime': '2025-06-11 07:00', 'MeanSeaLevelPressure': {'@unit': 'mb', '#text': '1006.76'}, 'Temperature': {'@Unit': 'celcius', '#text': '26.5'}, 'MaxTemperature': {'@Unit': 'celcius', '#text': '32.0'}, 'DifferentFromMaxTemperature': {'@Unit': 'celcius', '#text': '-0.7'}, 'MinTemperature': {'@Unit': 'celcius', '#text': '25.7'}, 'DifferentFromMinTemperature': {'@Unit': 'celcius', '#text': '0.2'}, 'RelativeHumidity': {'@Unit': '%', '#text': '95'}, 'WindDirection': {'@Unit': 'degree', '#text': '000'}, 'WindSpeed': {'@Unit': 'km/h', '#text': '0'}, 'Rainfall': {'@Unit': 'mm', '#text': '0.00'}}"
48580,ปัตตานี,PATTANI AIRPORT,ปัตตานี,"{'@Unit': 'decimal degree', '#text': '6.78333'}","{'@Unit': 'decimal degree', '#text': '101.15000'}","{'@type': 'ObservationToday', 'DateTime': '2025-06-11 07:00', 'MeanSeaLevelPressure': {'@unit': 'mb', '#text': '1006.21'}, 'Temperature': {'@Unit': 'celcius', '#text': '25.5'}, 'MaxTemperature': {'@Unit': 'celcius', '#text': '32.9'}, 'DifferentFromMaxTemperature': {'@Unit': 'celcius', '#text': '-0.2'}, 'MinTemperature': {'@Unit': 'celcius', '#text': '25.2'}, 'DifferentFromMinTemperature': {'@Unit': 'celcius', '#text': '1.2'}, 'RelativeHumidity': {'@Unit': '%', '#text': '92'}, 'WindDirection': {'@Unit': 'degree', '#text': '000'}, 'WindSpeed': {'@Unit': 'km/h', '#text': '0'}, 'Rainfall': {'@Unit': 'mm', '#text': '0.00'}}"
48581,ยะลา สกษ.,YALA AGROMET.,ยะลา,"{'@Unit': 'decimal degree', '#text': '6.51667'}","{'@Unit': 'decimal degree', '#text': '101.28333'}","{'@type': 'ObservationToday', 'DateTime': '2025-06-11 07:00', 'MeanSeaLevelPressure': {'@unit': 'mb', '#text': '1007.10'}, 'Temperature': {'@Unit': 'celcius', '#text': '25.0'}, 'MaxTemperature': {'@Unit': 'celcius', '#text': '33.0'}, 'DifferentFromMaxTemperature': {'@Unit': 'celcius', '#text': '-0.9'}, 'MinTemperature': {'@Unit': 'celcius', '#text': '24.5'}, 'DifferentFromMinTemperature': {'@Unit': 'celcius', '#text': '1.4'}, 'RelativeHumidity': {'@Unit': '%', '#text': '92'}, 'WindDirection': {'@Unit': 'degree', '#text': '240'}, 'WindSpeed': {'@Unit': 'km/h', '#text': '4'}, 'Rainfall': {'@Unit': 'mm', '#text': '0.00'}}"
48583,นราธิวาส,NARATHIWAT,นราธิวาส,"{'@Unit': 'decimal degree', '#text': '6.41667'}","{'@Unit': 'decimal degree', '#text': '101.81667'}","{'@type': 'ObservationToday', 'DateTime': '2025-06-11 07:00', 'MeanSeaLevelPressure': {'@unit': 'mb', '#text': '1006.88'}, 'Temperature': {'@Unit': 'celcius', '#text': '25.0'}, 'MaxTemperature': {'@Unit': 'celcius', '#text': '33.2'}, 'DifferentFromMaxTemperature': {'@Unit': 'celcius', '#text': '0.2'}, 'MinTemperature': {'@Unit': 'celcius', '#text': '24.2'}, 'DifferentFromMinTemperature': {'@Unit': 'celcius', '#text': '0.5'}, 'RelativeHumidity': {'@Unit': '%', '#text': '88'}, 'WindDirection': {'@Unit': 'degree', '#text': '000'}, 'WindSpeed': {'@Unit': 'km/h', '#text': '0'}, 'Rainfall': {'@Unit': 'mm', '#text': '0.00'}}"
